label,x,y
flat,3.7530444,6.4807706
flat,2.6308713,4.665798
flat,2.664351,5.810357
flat,0.96662736,3.5358243
flat,0.5200675,3.5723534
flat,1.3826958,3.3500695
flat,3.6411822,4.8214245
flat,3.9200559,5.713379
flat,6.3690023,7.459873
flat,4.5360036,8.630542
flat,3.5370886,5.9341197
flat,6.6969066,8.341685
flat,8.21965,6.9439664
flat,5.878653,8.778901
flat,3.9078648,8.201786
flat,3.5403671,5.1963873
up,2.239937,4.8622265
flat,1.2537278,4.0347633
flat,2.9947872,6.5265074
flat,2.3323567,3.8122826
flat,0.96106654,3.436237
flat,3.037253,3.2682798
flat,3.97227,5.277196
flat,5.0922775,6.819898
flat,1.5016854,3.737323
flat,1.8664021,3.536961
flat,1.6153855,3.3976245
flat,1.0342239,3.595191
flat,1.3729678,4.145813
flat,1.2213308,3.7301247
flat,1.1083376,3.5303407
flat,0.38402966,3.6578672
flat,1.3915575,5.4048014
flat,1.9781431,5.778512
flat,1.4753386,4.1695557
flat,0.5465316,3.5043
flat,4.3877153,3.1850533
flat,2.5620835,4.0711894
flat,2.489366,4.1566286
flat,3.1128209,2.841655
flat,0.7527486,4.439929
flat,1.5389689,4.1210556
flat,0.57285243,3.8036766
flat,3.7241297,4.004871
flat,1.0461777,4.587207
flat,0.77404654,4.5310373
flat,1.3156711,3.8854434
flat,0.69624734,3.4970891
flat,0.95879734,3.542774
flat,1.504606,3.3574853
flat,3.7757092,4.5635214
flat,3.1471179,3.9898643
flat,1.2852936,3.3209105
flat,3.4090712,3.4191508
flat,4.0401297,5.084642
flat,2.7855089,2.9468338
flat,0.49530163,3.748564
flat,3.1851313,3.3226225
flat,3.0689652,8.5404415
flat,2.1096985,3.0987997
flat,1.1027491,3.7831652
flat,5.03271,7.7229805
flat,3.615144,4.9348254
flat,0.9870868,3.6154208
flat,0.6603925,4.1469846
flat,3.1018069,6.1523423
flat,2.557229,5.632324
flat,1.4535213,4.379616
flat,2.3904154,4.2227535
flat,0.7045449,4.577016
flat,2.3432262,8.320956
flat,1.3833361,3.7978497
flat,2.6437633,5.644707
flat,4.325917,7.266021
flat,2.6934092,3.9202938
flat,3.0104797,3.5218234
flat,1.0816531,3.5055344
flat,3.2009277,3.7712464
flat,2.8211405,3.9173791
flat,3.1527805,4.2857795
flat,5.509616,5.018023
flat,5.6693254,5.416033
flat,2.606207,3.455552
flat,4.0537224,6.666637
flat,3.8182106,3.9472947
flat,1.8525884,4.7947974
flat,4.312275,3.3119931
flat,3.8380961,3.4466226
flat,5.4166393,3.570712
flat,3.045894,6.6621246
flat,4.312024,6.4552116
flat,2.7859004,5.6850777
flat,4.6016517,9.872064
flat,3.537075,2.9238443
flat,3.767092,2.765567
flat,0.57070357,3.4328675
flat,4.269988,3.317055
flat,1.296389,3.514806
flat,3.7509882,4.564086
flat,4.6431093,5.5686483
flat,2.0744395,6.624395
flat,2.4646902,4.4419484
flat,4.9418173,4.1445
flat,2.2797213,4.86978
trill,1.973288,4.8427796
flat,1.893151,4.9726815
trill,1.9124395,4.913598
flat,-0.14449312,5.408687
flat,1.2859308,3.436298
flat,0.6623529,6.6330233
flat,0.43201232,5.030058
flat,0.27460033,5.0751305
flat,0.012469551,6.379342
flat,0.18155803,6.388096
flat,1.5461067,7.4557467
flat,0.06751115,6.123946
flat,1.839735,7.3545074
flat,2.4747505,6.0609484
flat,2.254602,8.20285
flat,1.5707879,6.400396
flat,-0.29360154,6.504314
flat,0.17834052,6.744081
flat,0.92807907,3.5711303
flat,0.20009965,6.788337
flat,1.6426591,7.8678555
flat,1.2415538,5.1512074
flat,-0.338262,5.9987884
flat,-0.35954154,6.4812117
flat,1.571024,7.490606
flat,-0.22010738,5.2769794
flat,-0.21554261,5.905989
flat,0.36957377,6.5667486
flat,2.4277925,7.6254697
flat,0.79698604,5.435081
flat,0.8783148,5.962865
flat,0.9096224,5.7015915
flat,-0.29786372,5.2413826
flat,0.53044915,3.89375
flat,-0.38689476,5.94083
flat,4.577056,6.006211
flat,2.1296604,3.9770772
flat,0.47562128,6.315393
flat,0.5650096,4.316757
flat,-0.42746162,6.0376334
flat,-0.42970854,5.902346
flat,2.5834868,7.5438385
flat,3.266071,9.397944
flat,0.66580606,6.364063
flat,0.13397105,6.427049
flat,-0.18484421,5.7192554
flat,1.6961927,7.309037
flat,-0.29695785,5.36589
flat,-0.20452741,5.1207237
flat,0.055101797,4.926964
flat,1.2166327,7.433369
flat,-0.18944797,5.1232543
flat,0.37925336,5.0975966
flat,-0.3851051,6.1854553
flat,1.8072445,7.1281986
flat,-0.14648315,6.626802
flat,-0.03604176,6.825322
flat,-0.4344768,5.8565364
flat,0.47075367,7.0477467
flat,-0.33601183,5.3461146
flat,1.4967378,5.006456
flat,0.426336,3.9952092
flat,-0.43261036,6.3705254
flat,-0.105685726,6.3266473
flat,0.019675227,6.650614
flat,0.09643624,6.3567634
flat,-0.008704403,6.7225966
flat,-0.30085465,5.2569275
flat,0.5712364,3.9312718
flat,-0.26308197,6.699222
flat,-0.15365672,6.6942596
flat,3.5976734,6.2659674
flat,0.43260407,3.6945946
flat,-0.19047655,6.107185
flat,-0.36310092,5.3032417
flat,-0.4249902,6.067362
flat,-0.44592005,6.4056997
flat,0.16794334,6.962172
flat,-0.33624583,5.2384434
flat,-0.3231042,5.2037644
flat,0.44404513,6.706084
flat,0.03147506,5.6057496
flat,-0.3479074,5.530036
flat,0.83989435,5.569159
flat,1.6092018,6.6451497
flat,-0.11897225,5.143131
flat,2.212465,7.239215
flat,1.1973083,7.9955
flat,-0.38802788,6.55705
flat,2.1057026,8.838697
flat,3.133401,9.331242
flat,0.515461,7.3077455
flat,-0.06599052,6.8659453
flat,-0.42062232,5.5626993
flat,3.5840397,9.28845
flat,-0.077884,6.877433
flat,-0.3955663,6.4108443
flat,-0.27070206,6.5016026
flat,-0.18838443,6.5628448
flat,-0.09458309,6.803682
flat,1.7733359,6.4349427
flat,0.43263072,7.1507673
flat,0.45604748,7.143645
flat,-0.41976097,5.6298757
flat,1.3809644,7.344342
flat,2.8752217,7.821716
flat,2.3366532,7.8208003
flat,0.66859263,4.083532
flat,-0.17421018,6.656598
flat,-0.32826513,6.497411
flat,-0.18972352,6.7161508
flat,1.6572942,7.646629
flat,-0.5155345,6.0963616
flat,-0.41547036,6.1478653
flat,-0.39802912,5.4382405
flat,-0.4618628,5.9812727
flat,0.4715241,4.484265
flat,1.080077,7.799964
flat,-0.3324026,5.879839
flat,0.06700784,5.1084023
flat,1.6290897,4.847402
flat,-0.08643082,6.5029373
flat,-0.016678741,5.4732494
flat,1.488549,7.7920685
flat,1.4866287,6.4289937
flat,0.48827013,4.062275
flat,0.5358604,6.737026
flat,1.7285341,8.563237
flat,0.04707804,6.374409
flat,1.6923376,5.923757
flat,-0.1965715,5.331576
flat,1.0601552,7.4377503
flat,0.8886049,7.5815954
flat,0.90525776,7.5983253
flat,-0.07064398,6.630118
flat,-0.08588813,6.898749
flat,2.3358169,8.617465
flat,1.466132,6.758419
flat,0.610842,7.1478515
flat,0.5305937,7.038502
flat,1.9141957,7.305088
flat,2.0258534,8.25141
flat,0.929629,6.246501
flat,3.7790427,4.6266594
flat,1.1515509,6.022249
flat,0.5584708,6.970327
flat,-0.11559409,5.4210296
flat,0.42978272,6.3882976
flat,1.2489004,7.702732
flat,-0.05094838,6.7556033
flat,0.4811182,6.6831017
flat,-0.46195793,5.8273234
flat,0.2695184,6.5289655
flat,0.42065272,6.3955574
flat,0.53199273,6.744869
flat,-0.36692038,6.307782
flat,-0.16397524,6.252952
flat,1.3124301,4.936625
flat,0.20493853,4.9703717
flat,0.3096357,6.9203653
flat,1.0480877,7.4234643
flat,1.3959213,7.3757973
flat,2.3422782,7.904618
flat,1.5670016,6.0601125
flat,1.3891919,6.2086716
flat,0.38261873,6.989581
flat,0.93865407,6.1281943
flat,2.1795228,4.544695
flat,-0.14626563,5.4751625
flat,2.384252,5.5402417
flat,1.0272369,5.183517
flat,1.504455,4.5016675
flat,3.0407507,3.9070342
flat,5.250322,7.6620564
flat,0.7048495,3.428829
flat,2.428671,8.099902
flat,3.0944476,6.846075
flat,1.7872819,7.5551186
flat,2.4546208,4.4209137
flat,1.9251087,8.024444
flat,1.6208315,7.637456
flat,1.876499,7.9001265
flat,0.6083319,6.9894185
flat,-0.3878031,6.576279
flat,1.9707392,6.248142
flat,4.6635923,7.0483394
flat,1.7512563,7.2696457
flat,5.4406796,4.2760167
flat,3.9941354,8.480616
flat,6.0083904,2.6584556
flat,2.0408838,7.9094667
flat,2.3033223,7.947856
flat,4.5335836,7.4388304
flat,4.7279596,4.8525276
up,1.8107721,4.495073
flat,3.4471052,6.4366612
trill,2.6377132,4.9400997
flat,5.919846,7.314066
flat,1.782709,6.543072
flat,1.5843714,5.859529
flat,9.207805,2.6519864
flat,1.7915885,6.0336223
flat,2.6303148,7.7300243
flat,5.52406,3.304561
flat,9.383134,2.4696503
flat,0.7170317,4.445791
flat,1.9102222,4.613983
flat,2.303111,8.61597
flat,7.5024133,4.257723
flat,6.560846,4.426634
flat,5.071505,5.9741955
flat,4.2898393,4.4273744
flat,3.8777637,8.620646
flat,2.0806584,8.749173
flat,3.857457,8.843475
flat,1.6927428,7.9007545
flat,5.3573627,7.4089694
flat,5.507803,10.01082
flat,2.149968,3.488741
flat,2.5209901,4.152569
flat,3.09927,7.5489893
flat,4.663738,7.0217023
flat,1.1722348,5.41592
flat,3.1039214,5.780412
flat,5.0426884,10.090485
flat,1.5082611,5.570487
flat,4.9494205,9.640887
flat,4.3184514,7.1203895
flat,3.518806,2.9373658
flat,2.9216957,4.2602086
flat,3.5585709,7.900607
flat,10.081118,2.737135
flat,5.1667547,3.8156626
flat,9.692226,6.2986593
flat,3.055343,9.36178
flat,2.0984285,3.98433
flat,1.2013178,5.0913467
flat,8.231319,4.575726
flat,4.0694246,3.4425495
flat,3.9426644,6.2660894
flat,7.440746,4.587615
flat,4.9014816,8.255425
flat,3.3943229,7.836335
flat,2.7356255,7.295188
flat,3.5570605,3.319466
flat,1.6209228,6.555747
flat,5.1354403,4.7581506
flat,4.0636506,6.3990307
flat,1.2302214,4.098307
flat,1.0095942,5.5039964
flat,3.6465104,2.9507577
flat,3.1673627,7.5165095
flat,4.2404547,9.395316
flat,2.9890625,4.568156
flat,2.0262482,7.8993425
flat,3.3915994,7.5563154
flat,1.5056739,6.3344913
flat,5.212323,3.6025913
flat,7.2542,6.585259
flat,2.5435383,4.8434205
flat,6.0960703,9.217703
flat,3.74406,6.489588
flat,4.0663548,9.082452
flat,3.9950633,6.772168
flat,5.518163,8.109081
flat,8.9944935,5.674516
flat,4.147059,8.896327
flat,1.4512808,4.188512
flat,1.9509149,5.633815
flat,2.478798,8.336816
flat,2.3530586,7.496354
flat,2.5190108,7.539019
flat,2.0645065,3.851911
flat,0.21048048,5.3146577
flat,2.9227848,4.4950604
flat,4.3695736,5.7428493
flat,4.5781693,5.891708
flat,2.264097,5.376084
flat,5.8615003,7.7674675
flat,5.396443,7.641896
flat,5.7837114,6.114422
flat,4.9962487,7.139787
flat,7.4426107,6.475293
flat,4.782468,4.617506
flat,1.587398,6.686206
up,8.42328,8.602731
flat,4.9697547,9.1897745
flat,5.395152,7.3287454
flat,7.2915444,3.5980833
flat,2.6544433,5.575946
flat,3.911751,7.371197
flat,3.7434855,8.973671
flat,7.393179,8.022467
flat,5.4671483,8.328202
flat,3.5266223,3.570952
flat,5.0662303,8.813493
flat,7.3525267,8.525295
flat,4.1344767,4.71272
flat,5.934265,8.140084
flat,4.201958,8.678122
flat,5.4368005,7.2653165
flat,8.250715,7.8631735
flat,5.8313823,5.7032757
flat,2.596923,6.4642615
flat,2.2521677,5.425558
flat,7.0717926,4.6546574
flat,5.8624706,8.218074
flat,5.0058446,8.532823
flat,5.010542,8.870996
flat,7.9230633,7.2777996
flat,7.202969,5.2098308
flat,2.6869862,8.420787
flat,4.7008324,8.911977
flat,8.703872,6.84785
flat,1.2127007,4.8367724
flat,4.5792265,7.638678
flat,5.3570633,8.872113
flat,3.4151533,9.231995
flat,4.9627185,5.1404777
flat,1.8225639,7.3649554
flat,2.1346912,7.0600376
flat,1.8435197,6.638589
flat,3.8118172,3.7472737
flat,9.899693,7.1417212
flat,1.2238187,4.0050106
flat,9.781208,4.084557
flat,3.7615507,2.9268541
flat,6.649006,3.9354098
flat,1.7111057,7.5233803
flat,9.283293,7.412521
flat,7.3547087,4.781601
flat,8.247515,8.721922
flat,8.510732,6.65525
flat,7.5061936,7.7157264
up,8.838243,7.8801546
flat,9.265671,1.9769121
flat,1.0517119,5.469796
flat,4.844666,7.4372363
flat,4.6129236,5.770327
flat,8.233375,4.2112207
flat,10.018068,7.099583
flat,8.153903,8.622027
flat,9.919385,6.9276953
flat,3.52887,8.9055
flat,3.5926905,8.425032
flat,3.2544432,6.394956
flat,5.536499,4.229571
up,7.960844,8.776482
flat,9.0387535,8.202333
flat,9.607772,7.492834
flat,8.632585,8.8904505
flat,8.259111,6.9769263
flat,10.831426,4.49599
flat,6.466469,3.974117
flat,5.2321897,7.6891475
flat,3.611219,4.845426
flat,1.4885156,5.1859865
flat,7.3368316,4.453343
flat,7.536369,7.368027
flat,9.476467,5.9571013
flat,6.189907,6.0727525
flat,4.4571934,7.1651163
flat,4.0369577,6.2461205
flat,10.972483,5.239217
flat,8.035844,4.828189
flat,5.565405,2.6263156
flat,5.879311,7.3292217
flat,1.0063014,5.631814
flat,7.725731,6.932032
flat,8.320078,6.9862237
flat,8.129906,7.145413
flat,3.6646085,6.7911158
up,9.463761,8.5248
flat,8.394776,6.8445215
flat,3.4437065,7.9747367
flat,9.125714,3.6383386
flat,6.9541826,6.414374
flat,5.2879176,6.6952195
flat,1.2283231,4.527912
flat,5.284371,7.728827
flat,7.4098053,7.9513345
flat,4.071285,6.5235357
flat,7.417243,5.8132834
flat,2.2942488,7.9729056
flat,7.9005527,7.2174397
flat,4.4024744,4.2215667
flat,4.4414477,6.381191
flat,10.231999,5.055032
flat,3.6031487,5.6583447
flat,3.9406452,4.266602
flat,2.4279976,4.3870025
flat,2.7717278,5.0840526
flat,7.1754146,4.8491063
flat,10.210057,5.003939
flat,8.951395,2.6176727
flat,9.162051,2.046935
flat,5.1725545,8.572765
flat,5.822009,6.3017173
flat,5.9712424,5.694212
up,10.467769,6.0655513
flat,6.5130014,2.7584112
flat,5.4474373,7.0314755
flat,4.4842453,8.385909
flat,6.072752,6.2338157
flat,5.029586,5.9627843
flat,2.979785,8.462374
flat,5.4473386,5.1918955
flat,3.8010473,9.050791
flat,6.485364,3.001035
flat,3.713803,5.962236
flat,6.191973,9.843866
flat,8.533956,7.522928
flat,8.855427,5.226259
flat,9.583454,1.2419301
flat,9.136118,1.8661146
flat,9.407797,2.323787
flat,9.3183155,1.9240919
flat,11.872571,4.851497
flat,11.396775,6.03945
flat,11.853325,5.158465
flat,11.118751,6.9370275
flat,6.9497385,6.7489414
up,11.320575,6.4137497
flat,7.4269958,8.449482
flat,10.037818,4.1440625
flat,7.2123265,7.9488783
flat,11.919892,4.5985103
flat,7.421706,5.064111
flat,11.664197,4.6559343
flat,11.841762,5.4875326
flat,11.115133,5.628345
flat,8.27101,4.5698857
flat,10.603021,2.7459416
flat,10.716091,5.878194
flat,10.842892,5.025486
flat,10.651513,6.25751
flat,3.9776356,7.646557
flat,6.6859474,4.3268104
flat,7.757498,4.3946543
up,10.754594,6.6734486
flat,8.2192545,8.445653
flat,6.969901,7.8971353
flat,7.512574,9.105485
flat,9.613322,4.686258
flat,6.5678596,9.283417
flat,4.36042,5.1961393
flat,3.4097831,8.894275
flat,4.238696,8.660942
up,7.2928324,8.134759
flat,4.929003,8.1512785
flat,3.2047322,9.183102
flat,6.0946813,8.019626
flat,6.5477347,4.427
flat,6.233131,5.537655
flat,8.612878,7.18529
flat,5.949959,7.9912987
flat,5.183274,9.330711
flat,10.041268,4.8039656
flat,7.734405,6.6099467
flat,5.4979687,3.3785734
flat,10.847543,6.1331544
flat,4.1112905,7.5986085
up,11.924988,4.8696337
flat,5.6508493,5.7533913
flat,3.6688404,3.598399
flat,4.8064857,5.7406015
flat,3.2120175,6.93978
flat,9.362019,7.87852
flat,6.4984136,9.311633
up,7.785996,8.639861
flat,7.020957,7.844067
up,10.225959,6.9912043
flat,7.812667,7.0620413
flat,4.9286423,8.185214
flat,7.4307194,4.715538
flat,7.4557977,8.612735
flat,8.243572,8.536143
flat,5.3332934,4.1074004
flat,8.382332,6.998308
flat,7.794996,7.247393
flat,9.485245,6.4075575
up,9.396263,6.8204203
flat,6.1330223,8.19256
flat,4.3385563,8.892018
flat,3.578672,6.352954
flat,3.6207392,5.5417438
up,10.847911,6.833043
flat,3.3399227,8.43286
up,9.532779,7.9542265
flat,9.469606,7.882768
flat,5.905198,8.482589
flat,10.82004,6.7331395
flat,6.9166636,3.9557922
flat,9.525545,8.119367
flat,4.088443,7.798459
flat,3.598254,8.224995
flat,6.224122,8.074886
flat,2.5391335,4.4225316
flat,3.091064,9.397774
flat,2.987614,7.1887846
flat,8.511923,8.676825
flat,5.865766,6.915892
flat,4.5639367,8.541539
flat,10.148725,1.39417
flat,11.129461,2.337993
flat,4.7057233,5.3128905
flat,5.7232933,8.628253
flat,11.498593,2.6195378
flat,9.019326,5.7787104
flat,11.412354,2.5879385
flat,9.233532,1.494594
flat,10.159408,2.6245873
flat,9.13584,1.8270345
flat,9.024682,2.4315898
flat,11.447568,5.1687984
flat,10.619092,3.3948178
flat,10.538863,1.4243249
flat,11.108349,3.1377053
flat,11.751744,3.9120388
flat,11.115835,5.8510313
flat,11.086324,5.7721977
flat,11.427991,2.5379245
flat,11.236393,4.7220373
flat,4.39577,6.3565207
flat,9.753481,3.9731147
flat,5.811516,5.921458
flat,3.3454597,8.03801
flat,6.7041416,4.6748137
flat,9.181179,3.7236865
flat,10.914498,6.403951
flat,8.109165,8.571403
flat,8.068815,7.807037
up,10.055035,7.749476
flat,7.8279333,8.386482
flat,6.2160807,2.8041725
flat,4.3489623,7.463407
flat,9.70421,4.290193
flat,6.0966477,8.9462805
flat,6.6973753,7.576625
flat,5.5144897,3.3384993
flat,8.0153675,4.4086566
flat,7.0750055,4.4912395
flat,8.294447,5.7656255
flat,7.539991,7.634382
flat,4.140211,6.0964103
flat,5.663382,4.6606565
flat,3.044991,7.960456
flat,4.535739,5.765767
flat,4.6962767,7.590017
flat,6.0256596,5.820058
flat,4.614936,7.593614
flat,5.4599876,5.8908596
flat,6.79128,5.0181465
flat,4.5915623,6.508699
flat,3.9216688,8.662474
flat,7.8954406,5.8555746
flat,3.9998147,8.621014
flat,3.2152805,6.76936
flat,3.7877443,5.525808
flat,5.434465,3.4110458
flat,3.8300076,6.621617
flat,2.512444,7.732449
flat,5.039897,3.6669252
flat,3.3540354,7.0212154
flat,6.6504335,7.4988008
flat,10.77699,1.6272688
flat,4.071389,5.646997
flat,2.1826491,4.641333
flat,11.588814,2.7849336
flat,8.156518,7.3440266
flat,8.592301,7.9933176
flat,10.591672,1.2564168
flat,11.58132,2.7287369
flat,10.616551,1.5861744
flat,10.182014,0.6658387
flat,9.9528885,4.395992
flat,11.728585,3.516061
down,9.061047,0.54504424
flat,9.086876,0.96214694
flat,9.062762,0.8876037
up,9.074703,0.882196
flat,9.117248,1.5056587
flat,9.3020115,1.3548256
flat,9.365308,1.5524427
flat,8.676786,0.18614404
flat,10.093004,0.58400834
flat,9.88686,0.39717025
flat,8.90997,2.8734975
flat,9.143423,2.4537513
up,10.704589,7.6863313
flat,3.289908,7.463172
flat,7.3491035,7.609159
flat,4.415133,9.21721
flat,9.698513,2.5501878
flat,7.9713225,0.58181894
flat,5.480801,8.7164955
flat,3.364819,9.16533
up,8.014707,8.741234
flat,8.414074,7.7138104
flat,8.660535,8.78526
flat,3.848159,8.381359
flat,4.468228,6.2935834
flat,5.361762,8.967254
flat,8.7890625,8.712887
flat,5.006066,9.127194
flat,5.1903105,8.994714
flat,1.9964181,8.122354
flat,3.0738547,9.362594
flat,8.412575,8.100991
flat,7.029737,9.563042
flat,9.3909,2.5806465
flat,1.8967808,7.5486245
flat,1.3003849,4.5980115
trill,3.941657,8.585038
flat,1.6584586,5.1333637
flat,1.7190703,7.5584774
flat,7.8272614,6.524159
flat,7.218819,5.035789
flat,3.7831433,3.122228
flat,7.370228,6.542342
flat,5.7849793,3.4601235
flat,2.993481,4.3387475
flat,9.259477,5.6158504
flat,9.384061,2.0607011
flat,9.26376,2.330526
flat,3.5571406,2.7935061
flat,9.976506,7.258669
flat,7.9041343,4.6958075
flat,8.618697,6.0982747
flat,7.7609982,3.3653946
flat,8.50405,8.976082
flat,5.728473,2.5901346
flat,6.090429,3.3540146
flat,9.718496,8.65628
flat,10.598797,6.5136385
flat,8.740579,7.062403
flat,1.7243587,8.575289
flat,4.598857,6.7784934
flat,1.0525168,5.52507
flat,3.9799788,3.3172429
flat,6.302217,9.279356
flat,2.9660077,6.8011775
flat,1.77174,7.2357535
flat,3.275803,8.910712
flat,8.928937,8.459287
flat,3.6914563,5.0070643
flat,0.807154,6.2106433
flat,8.800191,5.5468397
flat,1.9558988,8.122561
flat,9.984628,8.619993
flat,7.3854747,4.2452083
flat,8.984889,6.1771793
flat,8.409469,8.899436
flat,10.426549,8.4635725
flat,4.35844,8.717103
flat,10.184981,7.7164626
flat,11.339532,6.1044593
flat,7.670576,8.079304
flat,11.531142,6.5491176
flat,1.9596015,6.5632415
flat,8.808286,8.701781
flat,2.2082765,8.714316
flat,8.650869,7.6961455
flat,8.198003,7.0467763
flat,11.867359,4.7860637
flat,10.480899,4.560543
flat,9.47597,5.0142636
flat,10.6437,5.96771
flat,7.343728,3.8019352
flat,9.016182,4.430793
flat,8.619414,6.661358
flat,11.185045,6.1975684
flat,10.095812,6.0720115
flat,8.479733,8.861178
flat,3.755319,4.876356
flat,9.583557,3.3495612
flat,9.24598,6.6698966
flat,7.7926927,5.1649275
flat,8.22639,8.658324
flat,9.689786,6.824836
flat,9.785508,7.0352297
flat,9.786084,7.178831
flat,9.993602,8.653887
flat,6.9749994,3.8775558
flat,8.260606,9.650083
flat,10.363226,8.584514
flat,5.8674726,8.001025
up,11.83122,5.3077483
flat,9.277878,5.9580626
flat,9.87566,6.46864
flat,10.76107,8.108337
flat,10.027656,8.808461
flat,7.746824,4.1086164
flat,4.617646,7.288148
up,10.625759,7.392114
flat,10.898096,5.666187
flat,9.468217,8.699391
flat,5.788055,6.626103
flat,10.7342005,6.339393
flat,8.58638,4.4940295
flat,11.43513,5.217857
flat,11.7896805,5.8600287
flat,9.753883,8.008313
flat,11.382989,6.643439
up,11.052285,6.7006345
complex,6.1170893,9.440808
flat,11.298704,5.4994435
flat,3.8235123,6.1225376
flat,10.069785,7.4128647
up,11.442333,6.4972153
flat,11.274709,6.5375257
flat,11.291393,5.7051396
flat,11.991655,5.200511
flat,10.109631,8.558109
flat,11.240938,6.445127
flat,9.474488,8.4020405
flat,9.03365,8.391322
flat,8.441235,7.2142463
flat,11.2737,5.5859485
flat,7.4577756,3.197437
flat,9.713001,5.6953454
flat,8.61519,9.539266
flat,6.474246,5.516493
flat,7.4671965,5.2020164
flat,6.4638233,5.8574753
flat,7.6841598,8.875337
flat,8.792947,7.101242
flat,7.720634,6.376521
complex,7.862674,9.6164
flat,6.337224,6.6672974
up,11.147971,3.2181962
flat,7.844481,9.797515
flat,1.910956,8.833996
complex,3.3006082,7.8373256
flat,4.1193337,9.672017
up,9.021133,7.6463456
complex,3.1603658,7.9970055
flat,6.241578,7.1619396
up,10.658601,5.298165
flat,7.1884494,4.9140882
flat,8.427629,6.0677023
up,7.929469,9.746461
flat,8.833886,3.4991794
flat,6.044941,8.216567
up,10.092018,7.54095
flat,2.407442,5.567544
flat,9.589029,7.354336
flat,7.9444337,9.234591
flat,2.467671,8.284538
flat,8.663961,8.180423
flat,5.6726913,10.013427
flat,10.3829565,8.474939
flat,9.717404,9.121704
flat,9.092388,9.3303
flat,9.850471,8.980492
flat,5.6860127,6.670026
flat,3.2029617,9.43579
flat,10.197689,8.457499
flat,9.312667,6.141228
flat,10.560773,8.505838
flat,3.6930885,6.2574825
flat,11.537544,5.87879
flat,9.508697,8.819713
flat,11.670886,6.2524223
flat,11.533234,4.977961
flat,9.0020275,8.3876095
flat,11.797848,5.972222
flat,10.156643,6.252618
flat,7.952116,5.7424493
flat,6.9201016,3.516161
flat,1.3856134,7.114237
flat,6.890616,5.4272447
flat,9.575773,6.957074
flat,6.63436,9.922245
up,9.265718,8.509271
flat,7.977402,9.751324
flat,1.559468,7.7730145
flat,8.417902,9.594541
flat,10.541658,8.361614
up,8.331056,9.699758
flat,8.165691,5.1135497
flat,11.490402,3.0942073
flat,9.537779,7.0345297
flat,9.840894,6.7694345
flat,8.608691,9.090937
flat,9.818006,7.8806715
flat,9.58646,7.5543623
flat,2.0430472,8.666568
flat,8.5892105,8.783484
flat,6.654685,8.577351
up,5.207342,8.934647
flat,10.832746,6.1634684
flat,3.1136584,9.134431
flat,7.9086795,9.846587
flat,2.4218001,3.9130075
flat,7.9945455,9.773624
flat,11.382667,6.5853634
flat,1.9555497,7.345185
flat,1.499215,7.751013
flat,3.896197,8.759648
flat,5.9400835,9.614923
flat,3.6633008,6.093338
flat,9.660468,9.162841
flat,11.711037,4.1498904
flat,4.1557655,8.655365
up,8.076132,9.680601
flat,10.546192,8.445414
flat,10.308334,8.51498
flat,7.2704496,7.7744823
flat,11.194212,7.219978
flat,10.189115,8.358738
flat,9.232936,7.4863915
flat,11.754356,6.207401
flat,4.7875104,6.3815823
flat,11.562008,6.4301143
flat,8.013168,4.448658
flat,11.819277,5.8313575
flat,11.165273,7.030631
flat,1.8672465,7.4994345
flat,10.021789,7.1335855
flat,11.603237,6.0802636
flat,3.5476863,8.574325
flat,9.6240225,8.802388
flat,1.5663445,4.675266
flat,1.6763737,6.881444
flat,5.0164013,3.3686683
flat,9.802031,8.7105465
flat,7.7240386,4.979267
flat,9.28278,9.137219
flat,2.9706538,3.9142168
complex,3.1962075,7.944395
flat,10.162394,7.454653
flat,1.8379974,8.091265
flat,10.439982,8.570927
flat,9.952673,8.9760685
flat,9.308155,9.239731
flat,8.900917,7.7319236
flat,11.077215,6.932625
flat,11.251744,5.7302585
flat,8.899297,8.984998
up,5.8017163,9.373898
flat,10.11741,7.5699816
flat,3.2095227,6.890502
flat,10.214612,7.5219088
flat,7.5959387,3.7603362
flat,3.5814404,8.365288
flat,8.173376,9.791898
complex,7.2329116,9.584657
flat,6.46909,9.895216
flat,8.317943,9.005024
up,9.936291,8.803102
flat,2.7827451,5.5444126
flat,8.376289,9.2372055
flat,8.267375,5.36125
up,9.821345,8.94926
flat,7.7982035,8.576251
complex,3.0879679,7.842359
up,11.315945,6.5776
up,9.772929,9.144877
flat,11.997089,4.604342
up,8.348421,9.67665
flat,10.345331,4.357875
flat,3.466499,6.475369
flat,8.152436,9.810062
flat,8.198844,9.7409
up,10.405577,7.14237
flat,3.8775134,7.4233522
up,9.614564,8.768955
flat,11.408399,6.363801
flat,5.5925074,6.3419924
flat,6.171114,7.8673115
flat,8.51173,8.723886
flat,8.705936,6.017598
flat,1.9074866,4.962299
flat,4.7635403,8.831948
flat,9.7794485,2.5533845
flat,5.277256,9.617611
flat,2.9077353,4.4881454
flat,9.483359,9.2780485
flat,11.967091,5.256624
flat,10.579023,8.313222
flat,3.9644585,8.193476
up,9.752959,6.1868095
flat,9.076346,2.8558452
flat,7.5542555,5.1554255
flat,5.7001295,6.488993
flat,3.7283869,8.062432
flat,10.554704,6.57582
flat,9.302305,9.269717
flat,7.712455,8.908496
flat,9.501028,8.905962
flat,7.2287073,9.852407
flat,9.429888,6.672024
flat,11.932641,4.922638
flat,9.069387,9.212104
flat,2.3017144,4.5904164
flat,8.043236,8.642202
flat,7.893097,9.586871
flat,9.417618,8.988521
flat,8.128413,9.166371
flat,9.011684,9.397713
flat,8.863908,9.310743
flat,7.1488714,9.786025
flat,7.4795194,9.850503
flat,5.4452114,4.817199
flat,9.177771,9.227478
flat,9.639508,9.087449
up,9.713156,9.058023
flat,7.3771067,5.0622373
flat,7.6761684,9.16916
flat,11.721847,5.429199
flat,6.1125507,5.534872
flat,6.408105,3.7213955
flat,4.797542,8.2297735
flat,4.739909,6.960293
flat,8.154164,9.179589
flat,8.17211,9.748408
flat,9.609361,9.16614
flat,8.441483,9.293269
flat,7.2475624,3.8091989
flat,7.4676957,9.76499
flat,11.842897,3.9438035
flat,8.706454,7.4838395
flat,9.526692,8.089177
flat,6.817204,4.7986107
flat,9.048003,9.167176
flat,10.492714,5.696362
flat,8.811893,2.8976455
flat,8.163002,9.245488
flat,8.85147,7.027826
flat,8.227091,9.704671
flat,5.0888896,7.579547
flat,6.7961,7.9801173
complex,3.1398606,7.797901
flat,5.8395734,7.723139
flat,5.82281,8.188829
flat,8.720592,6.7712984
complex,3.1226516,7.6976976
flat,6.0300627,8.984099
flat,1.8035282,6.352037
flat,5.515402,6.2199297
complex,3.454049,7.9439416
flat,5.2451754,8.303163
flat,5.2799354,8.078956
complex,3.16784,7.8890057
flat,6.4383225,5.3933606
flat,8.884282,8.9527235
flat,9.640719,4.7863054
flat,4.4435434,7.768602
flat,7.7371163,4.2374005
flat,5.317226,8.31919
flat,3.3514416,8.696919
flat,5.734708,3.179788
flat,2.6491916,6.3885465
flat,4.8730364,8.279929
flat,5.4251776,9.290293
flat,7.027542,9.586286
flat,7.9958124,6.6459656
flat,5.1180043,6.024153
flat,6.9591436,2.936643
flat,5.6077304,6.9839296
flat,4.348528,9.693352
flat,6.3405204,4.1898317
flat,8.74244,9.097986
flat,5.977375,4.1723657
flat,7.066805,9.748731
flat,7.368222,8.8551445
flat,8.305566,8.813615
flat,2.842055,5.2258797
flat,7.3662925,8.550307
flat,6.4158096,5.422281
flat,6.524407,8.683335
flat,6.762318,9.853238
flat,8.753382,7.693255
flat,6.018784,8.045317
flat,3.4747353,3.3849697
flat,6.0104623,6.7471457
flat,5.5897255,3.0283809
flat,4.967259,9.737677
flat,5.702373,9.843717
flat,3.8517795,4.42483
flat,6.2398167,8.939089
flat,5.594431,8.381896
flat,6.2269053,9.877542
flat,6.608524,8.153121
flat,9.976703,8.277349
flat,8.676239,9.148834
flat,5.647838,9.929493
flat,6.359338,9.870623
flat,8.464545,7.2947946
flat,5.688892,3.2545938
flat,7.009979,4.340422
flat,8.192262,9.151995
flat,7.2498612,7.7787495
flat,8.262399,8.8324995
flat,5.5215726,8.934489
flat,9.201506,8.349081
flat,5.6390285,9.854135
flat,5.3966227,10.067986
flat,8.056001,8.978325
flat,5.7160835,8.532551
flat,5.854519,2.5771384
flat,8.112002,9.094817
flat,4.58373,2.6292744
flat,5.715338,7.742228
flat,6.9628043,9.963268
flat,6.7667184,9.788137
flat,5.9588137,6.7303767
flat,4.7721367,10.127134
flat,6.308484,7.561179
flat,6.5577817,9.126928
flat,5.5956135,6.8580785
flat,5.9196386,8.757006
flat,6.3002853,8.532891
trill,10.246929,8.218512
flat,4.848519,10.125806
flat,6.916766,9.90818
flat,6.6914816,6.620984
flat,8.525042,9.265121
flat,5.168253,6.1468353
flat,5.6112723,7.130317
flat,5.8609037,7.0323906
flat,8.6586275,8.887925
flat,7.1987867,2.9451957
flat,7.391024,8.290895
flat,8.067767,6.3832135
flat,4.6718388,9.867322
flat,1.9832906,8.875017
flat,3.197715,7.6263237
flat,4.394529,9.477243
flat,6.1687174,9.925219
flat,2.6805973,4.9893045
flat,2.8776972,5.6586475
flat,6.9432597,2.9414322
flat,3.6966193,5.2866244
flat,3.965062,2.8534172
flat,8.183392,9.139884
flat,1.969266,3.0482686
flat,7.180823,2.9508665
flat,8.021514,8.587633
flat,5.7719455,2.9607196
flat,6.1442423,4.1348534
flat,7.669085,9.113046
flat,7.523504,8.840339
flat,3.1253874,7.9529767
flat,8.127521,6.7010984
flat,5.787293,8.983024
flat,5.073574,10.079554
flat,7.7680445,9.532128
flat,5.363807,9.986114
flat,2.6411269,5.717057
flat,4.8908215,9.690071
flat,5.02344,6.061069
flat,5.2494545,9.781216
flat,7.8746624,6.999607
flat,6.4965925,9.817584
flat,5.3158183,6.4378424
flat,6.1888237,9.523457
flat,5.51825,6.3267207
flat,6.629844,9.689224
flat,6.2415543,8.528847
flat,5.28525,2.6525824
flat,5.657984,9.417805
flat,6.057549,4.961077
flat,5.2083335,2.956284
flat,5.5175705,9.7488575
flat,3.25739,9.051684
flat,5.0165067,10.137375
flat,4.6684327,9.3438425
flat,2.6259027,7.2134624
flat,6.2005825,9.441067
flat,5.7448936,9.512327
flat,3.2550879,3.1031559
flat,5.1216273,9.896651
flat,8.693284,9.295878
flat,8.079609,9.569379
up,7.4711833,3.4550974
flat,3.814512,8.33554
flat,7.4894714,3.369585
flat,2.6689548,5.072033
flat,6.896849,9.949602
flat,6.8927574,8.916553
flat,7.553223,4.7387605
flat,6.889083,3.0009012
flat,6.397483,9.972166
flat,5.617472,9.980297
flat,4.17157,2.860612
flat,6.4243183,8.240051
flat,4.1100574,3.0481246
flat,7.7210693,8.777776
flat,6.750908,4.5276117
flat,5.6666055,3.2343304
flat,6.6756787,9.17664
flat,7.693575,4.2603126
flat,2.373006,5.6343784
flat,5.328035,9.86636
flat,0.4469363,3.60506
flat,2.651432,5.558075
flat,2.7258127,6.124951
flat,4.8927774,7.027554
flat,4.3651237,7.1766205
flat,4.5343766,8.4833765
flat,4.8944664,6.798425
flat,3.265223,5.294819
flat,6.5715137,9.43713
flat,3.9235084,5.0867906
flat,3.2122228,4.2028794
flat,4.4197426,3.0504053
flat,2.1381543,9.13199
flat,4.028315,9.649686
flat,3.053987,7.59696
flat,4.899309,10.141773
flat,5.066047,6.682795
flat,3.611255,2.8367567
flat,2.0952158,5.5220613
flat,2.7580884,5.458323
flat,1.419392,3.3112068
flat,6.7353206,9.551594
flat,3.0125642,5.571714
flat,2.931839,9.075643
flat,4.1057596,6.7785516
flat,2.776308,3.7728267
flat,0.4253037,3.5988567
flat,2.6290145,7.800828
flat,2.053086,8.712836
flat,4.336146,9.523638
flat,3.211962,7.4555044
flat,4.2514157,9.4640255
flat,1.8928856,7.458486
flat,3.4641106,3.209618
trill,2.1209855,5.598598
flat,1.822683,8.831811
flat,3.0614247,9.195038
flat,2.777099,8.362133
flat,6.2316933,4.879057
flat,5.132531,9.16087
flat,4.2636485,9.6327095
flat,2.814202,5.1287107
flat,6.7418356,8.298683
flat,8.050837,9.011234
flat,2.6038496,5.848311
flat,4.2858877,9.571181
flat,2.4383354,8.448825
flat,3.818138,9.526948
flat,4.6711335,5.3485394
flat,2.550443,8.7501335
flat,4.7818627,2.5014403
flat,4.247,3.137838
flat,5.4983582,9.463926
flat,6.0660877,8.304193
flat,4.7922454,6.217213
flat,3.7748456,4.4382844
flat,4.439365,9.791251
flat,3.4980087,4.795893
flat,7.9180655,4.328446
flat,4.7331724,9.643127
flat,4.5513296,10.061507
flat,4.029487,4.9073024
flat,5.553471,6.5189443
flat,6.6166625,3.085188
flat,4.722898,10.156536
flat,4.344418,3.032548
flat,6.390533,7.6666503
flat,5.681284,2.7165942
flat,6.962181,3.2996562
flat,3.362942,3.2486792
flat,2.6639183,6.679813
flat,4.2964206,7.979303
flat,3.0239475,3.6310675
flat,3.4292037,3.9105055
flat,0.6380621,3.3305128
flat,1.6322589,8.553706
flat,5.451995,2.6020143
flat,4.231559,7.271645
flat,2.531333,7.8088136
flat,4.2660837,8.359868
flat,0.87912685,4.007773
flat,4.7549324,7.7777243
flat,4.7264266,2.6286633
flat,3.4939322,9.2919
flat,4.2130985,5.1965404
flat,5.8388314,8.086592
flat,6.938814,7.584992
flat,4.9180784,9.571905
flat,3.3375049,6.284963
flat,5.821735,7.3356557
flat,2.7277415,8.889145
flat,8.926015,7.5381665
flat,7.684817,9.769898
flat,7.208897,7.875719
flat,5.275717,8.986212
flat,2.2802444,8.663235
flat,4.7052174,2.59556
flat,5.93192,9.834799
flat,5.135677,7.657332
flat,4.9821596,6.6060066
flat,5.515903,9.57992
flat,4.7673845,9.06046
flat,5.804623,8.617934
flat,2.0810182,8.257203
flat,7.3056593,4.1041703
flat,5.700977,6.648879
flat,6.7608776,6.768279
flat,3.0594342,7.622444
flat,5.043889,2.6343899
flat,6.123738,8.718183
flat,2.5087302,8.812002
flat,2.6681805,9.019928
flat,5.433343,6.8143153
flat,4.572079,6.840446
flat,2.6387794,5.4368253
flat,6.7465715,8.768932
flat,6.2768755,8.448617
flat,5.7244463,9.695352
flat,5.5877666,3.80636
flat,4.814059,6.5811257
flat,6.628388,3.5654345
flat,4.415407,2.849247
flat,3.500519,4.6352367
flat,5.7749314,3.1481254
flat,0.42222333,3.6485739
flat,1.301874,4.2713933
flat,2.8674626,4.5613475
flat,4.076108,3.1642647
flat,4.1626544,3.1238046
flat,3.5028846,6.7212358
flat,2.9796858,4.843237
flat,5.152333,9.746523
flat,2.8439875,9.186205
flat,7.2574906,9.448435
flat,5.4888515,8.583865
flat,3.8513627,7.445027
flat,3.3223443,7.119386
flat,5.573819,5.6152744
flat,8.690481,7.4387937
flat,4.6541114,9.116386
flat,10.0468855,1.165848
flat,8.552553,8.638876
flat,8.365549,7.301026
flat,3.7317219,8.8473425
flat,11.03706,6.5227246
flat,6.37089,4.6226907
flat,7.9740696,4.0571327
flat,8.088154,5.0362716
flat,7.586169,7.7211385
flat,8.569871,7.1259656
flat,8.335752,9.155914
flat,7.165459,3.4130356
flat,9.480746,6.9778643
flat,7.261463,3.0579305
flat,8.137694,3.2511325
flat,3.3157363,3.4173272
flat,6.798781,4.7175775
flat,8.266225,4.6502914
flat,5.950022,3.6777232
flat,8.298407,3.3668485
flat,8.7666,3.5418382
flat,10.954277,7.330573
flat,9.474029,3.3524184
flat,11.315049,5.624713
down,9.092336,0.6326308
flat,9.026107,2.1407025
flat,10.060065,2.8870451
flat,11.543107,4.4278216
flat,9.346087,1.5261852
flat,9.331858,1.5991313
down,9.143364,0.67859083
flat,9.017539,1.6671637
flat,9.245127,2.3605344
flat,9.039125,1.9914651
flat,10.706693,5.3218503
flat,11.239471,3.0604813
flat,5.7472825,8.494529
flat,9.881918,2.683121
up,9.081763,1.4542241
flat,9.298809,2.2529826
flat,9.066686,1.6304871
flat,9.312537,0.98525214
flat,5.7206583,2.460011
flat,9.071861,2.3531868
flat,9.082476,1.5479833
flat,8.986964,2.2318769
flat,10.530677,1.4384586
down,9.163636,0.07422198
flat,9.088459,1.1082784
flat,9.145567,1.4894788
flat,10.171006,1.6440531
flat,10.028712,1.9967318
flat,6.736765,7.978021
flat,11.291147,2.1062574
flat,10.367055,1.5393411
flat,11.275763,4.720485
trill,1.6418104,4.305926
flat,2.3387694,3.890996
flat,1.1830224,3.486527
flat,2.558193,5.7677155
up,10.667684,7.732244
flat,6.411848,8.129627
flat,5.1046104,7.508156
flat,8.501085,9.0685835
flat,4.305629,2.835678
flat,3.186038,3.3249538
flat,4.22968,2.8526225
flat,7.61541,8.418225
flat,8.878426,3.0034149
flat,9.9489765,8.192534
flat,3.9876084,7.8441157
flat,5.424357,7.6183424
flat,6.1296325,9.824935
flat,4.2839346,7.296937
flat,6.31177,8.432612
flat,5.8565598,9.710068
flat,9.090326,7.476895
flat,5.5488434,9.551758
flat,8.402577,8.903678
flat,4.3962917,2.7339206
flat,7.477464,8.684435
flat,9.888383,7.894157
flat,8.492061,9.111986
flat,6.915801,9.907639
flat,6.5018377,7.8797135
flat,6.0954185,7.057071
flat,9.547934,3.7725058
flat,3.5728838,5.523937
flat,6.1362658,9.628712
flat,6.0864267,9.825816
flat,5.421933,10.046451
flat,5.874914,7.1524405
flat,9.710427,7.5503807
flat,2.472503,2.8565917
flat,4.726716,5.87547
flat,3.7356236,3.025427
flat,6.9954453,9.968239
flat,8.970462,8.932057
flat,8.97441,8.369394
flat,4.7972794,6.666879
flat,8.113331,4.3463473
flat,2.614977,3.5588613
flat,1.848138,8.784243
flat,3.3519604,3.2764297
flat,6.3631754,8.776477
flat,7.366362,2.9003823
flat,5.511209,2.5623956
flat,1.8545874,4.103394
flat,5.66101,2.7639542
flat,5.7796392,7.2710853
flat,3.2271097,3.7120953
flat,6.17729,8.805515
flat,2.0246568,3.4434407
flat,3.4954338,7.0883374
flat,4.1702447,3.2153065
flat,3.417791,9.310527
flat,2.7489395,5.7313533
flat,3.2366412,3.1134372
flat,7.297076,8.071678
flat,4.8465085,7.252947
flat,6.390224,3.6160288
flat,5.7378893,6.8481073
flat,3.5725255,4.3937764
flat,4.511994,7.3528733
flat,3.0639443,4.741326
flat,2.0877736,4.5593977
flat,3.5253458,6.8787255
flat,3.237641,8.526244
flat,6.5228524,7.996063
flat,5.651328,3.6275063
flat,6.7682495,9.893727
flat,3.6260602,2.9468906
flat,4.4612174,5.149375
flat,4.4993954,2.5321856
flat,1.8660161,3.223806
flat,3.1915023,9.05087
flat,0.9167927,4.4935503
flat,1.1308216,3.5143669
flat,-0.16795072,6.825479
flat,3.1762073,8.515088
flat,3.6150882,4.3656883
flat,2.5138993,3.0017307
flat,1.3677342,4.926115
flat,4.2606435,9.632463
flat,2.392033,2.9569702
flat,1.9832708,8.353729
flat,3.9537382,7.275557
flat,3.135805,9.179585
flat,2.4276197,3.096514
flat,3.348271,5.905123
flat,1.6839559,8.141451
flat,5.792773,7.889796
flat,2.6044486,7.6717076
flat,3.459015,3.2901819
flat,6.6766872,4.585987
flat,6.630363,2.8616912
flat,3.412034,7.827249
flat,4.6470404,10.09546
flat,5.103694,4.0147185
flat,1.8555452,4.104179
flat,2.9792895,3.022428
flat,1.9578981,4.010029
flat,3.691919,2.97454
flat,2.2035928,3.0949638
flat,2.0563602,9.023902
flat,2.686909,2.911464
flat,5.3522573,5.977371
flat,8.823953,9.101313
flat,6.435733,7.868875
flat,4.2381797,2.785176
flat,3.9239783,4.8972735
flat,4.9596195,3.9951754
flat,5.4383163,6.6461587
flat,3.8056133,2.7644303
flat,1.9573487,3.5616536
flat,3.4578764,5.8870654
flat,1.1646978,3.5002065
flat,5.417291,2.5119925
flat,1.9504566,4.4264135
flat,2.2046602,5.173905
flat,5.637598,8.85082
flat,4.4552884,9.694279
flat,4.2641597,3.2098827
flat,3.9315958,4.3517795
flat,9.698207,5.523576
flat,5.869696,10.035528
flat,8.598852,8.202156
flat,7.355492,5.692731
flat,3.174092,3.3316545
longdown,10.979339,7.345973
flat,9.851975,5.1751866
flat,6.3346453,5.7162704
flat,5.6584964,6.577208
flat,1.6509172,7.6163507
flat,3.762378,7.621024
flat,6.8922653,7.7159996
flat,5.965184,8.186543
flat,5.7495666,3.124411
flat,7.9294477,7.4372296
flat,5.109521,3.1232426
flat,8.480666,6.9143
flat,3.4535794,4.593579
flat,4.8759108,6.7494926
flat,3.6575377,6.1003823
complex,8.622159,8.8147955
flat,8.210663,7.558317
flat,4.168135,5.100678
flat,2.0179772,5.8947015
flat,11.541836,6.2492614
up,9.972362,7.1720533
flat,6.318189,7.055417
up,9.154347,8.215158
flat,3.5906377,8.416192
flat,8.83786,9.041896
flat,11.445867,6.6859813
up,11.196833,7.08983
flat,11.678416,6.413598
flat,10.378373,8.467281
flat,10.635572,3.0007398
flat,11.314492,2.9449236
flat,11.077747,3.6190388
flat,11.485962,3.4512107
flat,9.580432,0.38821766
complex,9.097528,1.1095176
flat,9.094891,0.86867565
flat,8.9938965,1.6242832
flat,8.952463,1.65011
flat,9.87373,0.50489086
flat,9.326652,1.2049762
trill,10.964631,5.223451
up,9.019204,2.1040356
flat,9.125497,0.8356769
flat,9.366302,1.3559608
flat,9.114397,1.1808611
flat,11.814797,3.9946508
flat,11.742625,3.2354326
flat,11.5964985,2.8565147
flat,9.577743,0.18465419
flat,11.189148,5.3742456
flat,9.047443,2.3771677
flat,9.040805,1.8265412
flat,9.217561,0.8606779
flat,9.918175,0.27865785
flat,9.643089,0.20210518
flat,10.655539,1.246242
flat,9.044144,2.3357072
flat,12.004957,4.970271
flat,8.093211,0.50116575
flat,7.9339,0.5316249
flat,9.080365,2.3477967
flat,9.142701,1.0211309
down,9.10813,0.42573714
flat,9.795792,0.40126684
flat,1.1703432,3.5726938
flat,8.022802,3.79475
flat,7.018756,2.9785619
flat,10.830984,2.6916976
flat,9.965482,0.35750216
flat,10.787246,1.6134931
flat,10.66758,1.3816239
flat,10.646206,1.9704056
flat,11.683926,3.3411472
flat,11.863673,5.298136
flat,9.709391,0.17681965
flat,7.698786,2.9926846
flat,10.565993,1.6949247
flat,10.425853,1.0497992
flat,11.818285,3.6054778
flat,11.96093,4.893035
flat,11.950213,4.6584706
flat,11.561344,2.832319
flat,11.78001,3.645901
flat,11.71304,5.3012867
flat,5.675093,4.3814673
flat,9.609514,7.077668
flat,11.988023,4.907482
flat,11.801615,5.066769
flat,11.813888,3.5302484
flat,7.0253596,4.7492404
flat,10.624019,2.3876324
flat,11.016854,7.2772756
flat,11.766192,5.495151
flat,7.2296634,2.692544
up,8.972824,9.301676
flat,10.123268,3.2529964
flat,8.520797,8.180826
flat,8.729624,4.1110396
flat,10.718818,6.3394594
flat,10.735161,5.9470415
up,2.3464744,9.380021
flat,11.168513,5.5535474
flat,11.276268,5.7571845
up,10.635024,7.6404004
flat,8.286028,9.260339
flat,7.2480893,4.974208
flat,9.764635,7.217925
flat,10.108307,7.260066
flat,7.6483965,2.9893615
flat,9.4096155,4.624324
flat,10.6613,6.998215
flat,8.269687,5.651067
flat,11.746711,3.9064083
flat,8.678866,8.627813
flat,11.492846,3.0571094
flat,11.213241,5.6858997
flat,11.902615,4.5079794
flat,10.366529,8.399306
flat,11.27065,6.526792
flat,11.214524,6.91555
flat,10.1878805,8.569599
flat,10.907384,7.09122
flat,11.944457,5.542499
flat,11.524081,4.549226
flat,11.590433,6.1849585
flat,10.380669,1.023944
flat,10.696942,1.361193
flat,10.47662,1.5505316
flat,10.540998,8.228039
flat,10.323553,1.5313648
flat,8.691008,0.08209452
flat,5.782406,2.6687307
flat,8.81705,6.4785748
flat,9.548787,6.9333014
flat,8.074569,0.40788844
flat,8.802121,0.0067533595
flat,8.500388,8.181855
flat,9.325663,3.5078707
flat,10.242766,5.478217
flat,9.13333,4.3052588
flat,3.7646387,8.273443
flat,5.1062403,10.116081
up,11.559408,3.4250703
flat,6.539159,5.765244
flat,9.193509,9.288663
flat,5.795075,2.4798632
flat,11.505721,5.770253
flat,4.691357,10.027445
flat,6.0381966,8.754549
flat,6.338164,7.142291
flat,9.993095,8.42012
flat,7.8179,7.2289004
complex,3.3910573,8.039733
flat,6.588025,9.380029
flat,7.212472,8.177453
flat,4.2765136,3.145889
flat,4.2658696,6.861758
flat,6.302299,3.67452
flat,2.425752,5.4546313
flat,2.133895,8.920395
flat,3.2887225,9.4371805
flat,4.203879,9.856593
flat,2.08986,3.615313
flat,4.3586645,9.715374
flat,9.217951,7.267889
flat,0.6496635,3.3139186
flat,2.891002,3.4509342
flat,10.660024,5.950773
flat,6.5525637,9.046766
flat,5.7969484,2.763508
flat,8.150525,8.9506645
flat,5.0619206,10.088483
flat,4.4771905,9.753027
flat,4.4588723,3.7457805
flat,6.114536,7.5892086
flat,2.2246826,9.269578
flat,2.4069715,3.1703036
flat,1.2994611,4.0887647
flat,2.34663,3.330521
flat,7.1985555,9.776833
flat,8.183296,8.760429
flat,3.3527014,3.5451083
flat,4.1844215,7.4708896
flat,2.3647401,5.732696
flat,1.8826789,8.712238
flat,1.8601161,8.796672
flat,2.1383173,9.245183
flat,3.7377005,2.8295412
flat,5.9151917,3.2792146
flat,2.7890425,4.793826
flat,6.6450453,8.941563
flat,5.006733,2.633354
flat,6.182967,8.767604
flat,6.3915334,9.320803
flat,2.7759469,8.971767
flat,4.8623366,4.2895417
flat,4.189337,9.09888
flat,0.5441058,3.5698817
flat,4.3148584,5.6861567
flat,2.8445196,2.9263344
flat,1.2800767,5.8043637
flat,1.7715236,8.734462
flat,1.9146296,4.0795445
flat,2.5831738,9.0186405
flat,2.590282,8.972424
flat,2.744018,5.669236
flat,1.842188,5.456181
flat,0.895488,4.081045
flat,0.84483635,4.5042834
flat,0.50637513,3.9136114
up,1.3183352,4.716951
flat,1.8450882,5.1592145
flat,2.4461653,3.2605972
flat,2.124432,8.378977
flat,1.9378927,6.8624773
flat,2.4607503,7.248341
flat,3.0940645,9.487819
flat,2.870443,4.167196
flat,4.426959,6.305379
flat,2.9916716,6.007636
flat,0.6607855,3.320036
flat,2.1216228,8.774671
flat,3.4801745,9.318604
flat,5.938505,9.860329
flat,3.72954,5.0478
flat,9.671563,4.679605
flat,10.686357,6.9495544
flat,7.4986134,8.813147
flat,10.596724,1.5589186
flat,9.893152,0.24409567
flat,5.8465495,2.241224
flat,10.229668,0.8272303
flat,8.173488,0.22337358
flat,8.264148,0.20168611
flat,7.911466,0.40265086
flat,7.8292565,0.69160223
flat,9.701486,0.12076645
flat,9.787132,0.16201216
flat,10.043696,0.44233274
flat,7.842595,0.7423387
down,8.951469,0.84994644
trill,9.438245,1.3674268
flat,11.680571,2.9729376
flat,6.64841,7.4752355
flat,11.903119,4.494823
flat,10.793664,1.4219621
flat,8.466926,4.507752
flat,10.592875,6.4788036
up,11.427686,6.655884
flat,5.4070272,3.684781
flat,5.7113514,6.52047
flat,3.634844,5.094752
flat,1.8665037,7.828595
flat,2.7380595,5.392319
flat,3.2447934,8.70672
flat,3.203395,9.345712
flat,4.248019,3.2624643
flat,4.777498,5.7196918
flat,5.112663,9.037548
flat,2.6712873,4.6490846
flat,3.967679,3.3081567
flat,3.1113462,5.3113484
flat,2.5516193,3.182153
up,7.7141056,9.546357
flat,4.7793174,6.6942067
flat,4.7394953,7.239067
flat,5.162578,10.060199
flat,4.020684,9.675475
flat,0.8723354,3.4148407
flat,4.553328,8.449702
flat,3.8685591,4.9811993
flat,3.7381194,5.5158505
flat,3.7992256,2.6334662
flat,3.4068887,5.274806
flat,4.1558504,9.360868
flat,2.6093345,4.2401724
flat,4.813225,6.7506948
flat,3.051614,8.76746
flat,9.5184965,5.658114
up,3.2861984,8.866128
flat,2.7273023,8.648272
flat,3.0971575,9.362444
flat,4.957953,6.5408263
flat,5.6786385,6.510313
flat,1.2525442,5.3524427
flat,3.2477617,9.397515
flat,5.620913,3.0858889
flat,3.343945,7.8477364
flat,3.8775723,8.344881
flat,4.538162,6.7731595
flat,6.2382,3.7346609
flat,8.989547,2.871935
flat,3.487828,3.1511188
flat,6.1761756,8.947902
flat,6.2260084,2.9589853
flat,4.3119707,2.552066
flat,6.8894873,5.6867423
flat,4.680012,2.547447
flat,6.0720186,8.809746
flat,3.4621391,3.5355353
flat,3.6109612,2.923581
flat,2.9409568,7.756981
flat,7.144258,2.7410085
flat,5.913236,3.6149895
flat,4.1775417,2.9714787
flat,2.733696,3.2981315
flat,1.8026315,8.673487
trill,3.3566089,3.0238814
flat,2.8865435,8.931904
flat,4.438505,2.7032795
flat,4.126839,2.6121142
flat,0.71266454,3.331755
flat,2.8692434,2.9157743
flat,4.720681,7.4681935
flat,0.98574644,4.2087445
flat,2.8902194,5.8003883
flat,4.660553,3.1228254
flat,3.162322,5.9667516
flat,7.349732,2.9516208
flat,4.712527,2.5475454
flat,3.4252262,3.04466
flat,4.1709943,2.9012697
up,8.811876,3.59002
complex,9.503184,2.3352373
flat,2.378886,7.6728125
flat,2.7376714,3.8839412
flat,1.5868069,3.4675472
flat,1.8848618,8.750069
flat,1.9054525,7.9430795
flat,2.4058762,4.715972
flat,3.6468434,4.749772
flat,3.4154065,6.4860506
flat,3.3808014,3.3313515
flat,2.4812891,3.5192003
flat,2.8050513,2.9239264
flat,10.533834,1.6865652
flat,11.414065,2.744253
flat,6.371634,4.085472
flat,4.6941533,10.040553
flat,8.568119,8.339424
flat,11.7150135,4.118198
flat,4.034324,9.665165
flat,6.301136,9.248082
flat,8.292894,7.6130996
flat,6.4842653,8.9541
flat,4.328231,9.413504
flat,1.5420146,3.9385476
flat,3.8713663,2.8108478
flat,3.8350782,3.213351
flat,9.417932,2.630381
flat,9.043748,1.4018393
flat,2.0912,7.4471464
flat,2.4694583,8.765194
flat,4.2573514,6.8791294
flat,2.2655847,8.921189
flat,1.7357572,8.420431
flat,3.0454416,7.3716173
flat,2.6599975,8.664558
flat,2.305741,7.5812316
flat,1.3142332,5.8513513
flat,6.185857,8.482456
flat,0.3985963,3.6668248
flat,3.6610603,7.68339
flat,6.0128536,8.753425
flat,2.614155,5.158669
flat,3.4471688,3.472109
flat,8.381356,8.996629
flat,4.002359,8.18064
flat,6.29997,8.791672
flat,4.949005,7.515131
flat,8.896514,0.02784009
flat,7.909942,0.60872245
down,7.9150624,0.7050434
flat,9.709284,0.9628291
flat,10.113263,0.6524862
flat,10.941877,2.0347419
flat,11.66154,4.9798527
flat,9.355664,2.5018415
flat,5.2815437,9.1963825
complex,9.230967,0.63499004
flat,9.958992,2.0006642
flat,9.162145,0.69648886
flat,9.620566,2.124519
flat,10.998465,1.8959032
flat,9.781983,0.39757863
flat,9.458902,0.21561271
flat,9.90245,0.74613774
flat,9.084213,1.1402327
flat,9.020216,1.6610174
flat,9.064238,2.1307693
flat,11.186551,2.508492
flat,9.367961,0.559196
flat,11.545627,2.8246362
flat,9.254102,1.3431412
flat,8.976775,1.4712696
flat,8.963679,1.5391896
flat,9.8405075,0.31070387
flat,9.716783,0.12946874
flat,10.406841,2.7318525
flat,10.349329,3.9693627
flat,9.074034,4.0621524
flat,11.862604,5.14942
flat,9.422984,5.5892973
flat,3.615559,2.8999305
flat,8.327018,5.0867705
flat,11.4704895,4.7201247
complex,11.2318325,6.737747
flat,9.737088,7.5593743
flat,11.794552,3.31601
flat,10.653069,3.3144777
flat,8.849411,7.7901754
flat,7.273654,3.625378
flat,9.428839,7.0295315
flat,7.5555863,9.540962
flat,5.611594,3.1426265
flat,4.9824834,8.361447
flat,4.603852,8.517442
flat,3.1327238,4.6872363
up,4.5957446,4.622597
flat,11.852511,5.3130293
flat,6.572691,8.209479
flat,7.9185424,4.967537
flat,7.5454154,2.8330455
flat,3.9968772,3.4158008
flat,4.3712,9.34867
flat,10.967934,5.839867
flat,8.656466,8.805067
flat,7.2905602,8.589778
flat,7.047821,9.716801
flat,2.1470733,9.169599
flat,6.429084,9.723928
flat,7.716736,2.9905949
flat,6.711979,7.739462
trill,9.707967,2.2189715
flat,7.5381684,3.0258512
flat,4.4348526,4.509353
flat,4.0298877,9.620733
flat,9.794878,3.342013
flat,10.846476,6.213608
flat,9.990542,7.1806974
flat,10.7487135,5.017673
flat,6.596629,8.499799
flat,6.303604,4.492164
flat,11.784428,5.6216006
flat,9.200788,8.674497
flat,6.2214746,3.1244013
flat,4.485213,5.6408987
flat,7.248646,9.219867
flat,2.3684905,9.137109
flat,2.154891,9.192304
flat,5.268077,4.6930647
flat,6.984458,3.6112885
flat,3.4929688,3.3970764
flat,7.207802,3.1001048
flat,9.543878,4.1194077
flat,6.2918143,9.651927
flat,4.9271445,7.1043987
flat,2.5321822,3.5833898
flat,6.267752,5.537668
complex,2.693633,4.308972
flat,7.1033716,8.787987
flat,8.999825,9.075568
flat,2.4492378,4.25643
flat,2.836175,6.479936
flat,2.0537403,8.483165
flat,9.350014,2.6544592
flat,6.7860055,4.302223
flat,5.966073,2.7135353
flat,5.443349,3.4765291
flat,4.054415,4.636934
flat,4.9802103,6.8114266
flat,6.4614844,6.346415
flat,9.945142,2.2660782
flat,2.333121,9.159509
flat,4.2527776,3.3099763
flat,8.059554,5.4567447
flat,6.1723127,7.085233
flat,6.813131,8.857964
flat,1.1873791,4.864589
flat,6.8701997,8.097544
flat,3.0638247,5.8930593
flat,2.9453723,4.9519525
flat,1.0986606,4.0333114
trill,1.8365229,7.4410396
flat,3.0956252,5.34681
flat,2.9652748,3.5615726
flat,5.2073116,8.254284
flat,4.1023273,8.560298
flat,8.774831,9.2295685
flat,3.665655,4.961158
flat,1.9997599,8.719954
flat,4.2707386,9.518768
flat,3.0812519,7.9054384
flat,2.0422037,8.353726
flat,3.7200232,6.714677
flat,1.2514513,3.3839507
flat,2.172904,3.17153
flat,3.0289245,6.6350694
flat,3.0271602,9.135186
flat,2.9308128,9.244285
flat,5.2810144,9.245005
flat,3.6705778,9.276115
up,5.6355734,9.082104
flat,1.5750883,6.1224694
flat,5.5295343,9.121355
flat,6.180115,8.345182
flat,1.1266227,3.5296834
flat,0.39588416,3.7072017
flat,5.583757,9.332145
flat,2.8953927,3.6409912
flat,0.35684797,6.824752
trill,5.540667,2.6412206
trill,5.6622553,4.4614363
trill,9.509937,2.3588247
flat,6.0696993,6.0389624
flat,5.127172,4.2854695
flat,8.464009,8.350764
flat,7.148957,3.4288306
flat,8.495563,8.012891
flat,6.023619,5.5167756
flat,5.179584,4.6573915
flat,4.5584893,4.7939487
flat,8.158086,4.8371243
flat,7.529535,3.4216938
flat,8.729961,4.856564
flat,7.924852,6.476214
flat,6.2477927,6.1969886
flat,5.603081,4.8467216
flat,4.757156,7.5499854
flat,7.4793415,5.0291076
flat,3.9268887,5.763704
flat,8.034752,6.3672066
flat,6.4840913,4.8951893
up,9.53069,8.207092
flat,5.2579665,4.5380383
flat,2.2418885,4.45813
flat,2.232174,5.8576994
up,5.4443607,8.321804
flat,7.645843,5.1348076
flat,7.7796464,6.223471
up,9.661107,7.9067445
flat,10.741471,6.813061
flat,9.687583,7.99685
flat,8.585456,6.6748376
flat,9.208412,5.610549
flat,5.55069,7.569144
flat,3.4571884,3.985724
flat,4.8700724,4.80054
flat,9.724415,8.00582
flat,3.5719936,9.156499
flat,5.4185324,8.923944
flat,6.7533126,3.599389
flat,8.431581,8.261364
flat,2.466308,8.887913
flat,4.6294456,9.435293
flat,4.5630393,3.6540747
up,2.4566722,8.581506
flat,3.0215027,9.239438
flat,3.5467427,9.05819
flat,5.9162683,9.39334
flat,2.3422484,7.0191107
up,2.7010016,8.99703
flat,2.4174855,5.0107226
flat,2.6690557,7.8919387
flat,2.596294,8.662312
flat,2.7391999,6.886518
flat,2.1615474,4.6137657
flat,2.9131775,8.594381
flat,3.7503612,8.279725
flat,5.9501014,7.0765257
flat,5.9482484,9.373701
flat,2.7189422,8.318159
flat,5.4558086,9.283909
flat,5.653224,5.730441
flat,3.889732,5.9188304
flat,7.4984674,8.519515
flat,4.7539983,6.491154
flat,9.560611,7.7115607
flat,9.893401,7.9394226
flat,8.565994,8.720643
flat,6.2028513,8.103277
flat,3.7083545,5.60234
flat,4.393202,7.037922
flat,7.5224295,8.688908
flat,7.231331,4.721674
flat,5.79895,6.589683
flat,5.4173565,6.2978973
flat,2.400313,7.596478
flat,2.8850768,8.458597
flat,3.5620303,8.924756
flat,4.959547,5.9988685
flat,7.9836273,7.9851537
flat,3.9475083,3.4059622
flat,5.7930813,6.219371
flat,3.622882,8.709582
flat,6.8265142,7.934384
flat,4.4722466,8.408864
flat,5.9083824,8.352836
flat,5.222919,5.8215685
flat,7.8535357,4.026629
flat,5.34277,9.028162
flat,9.188486,1.569117
flat,8.174466,8.196813
flat,5.352513,4.7240996
flat,6.208841,5.2926345
flat,8.116745,8.257301
flat,8.084325,5.183139
flat,8.521079,7.704011
flat,4.9580855,8.717967
flat,7.8106403,8.130056
flat,4.818888,8.84534
flat,5.4311013,4.8282957
flat,8.266884,8.564321
flat,2.4038887,7.918461
flat,3.647301,6.7819324
flat,5.6428137,8.0911
flat,4.7775097,8.203979
flat,7.8067884,8.387502
flat,8.4722805,6.185951
flat,5.171833,9.372868
flat,9.61275,8.193245
flat,10.9240885,7.1681867
flat,4.4222517,8.629801
flat,5.075504,6.019762
flat,8.427341,7.083348
up,10.100841,6.0511723
flat,5.4589148,8.8868
flat,9.22146,4.668026
flat,4.111196,8.1320305
flat,4.2277775,7.0946813
flat,3.434766,6.594952
flat,3.9545643,8.569007
flat,4.7516985,7.965851
flat,3.299993,5.740033
flat,7.574323,5.656611
flat,7.3410373,5.3085976
flat,6.582048,4.6095734
flat,5.1319613,4.223253
flat,4.655542,5.736149
flat,7.07536,7.8312516
flat,6.717116,4.624697
flat,7.321637,5.027106
flat,9.337625,7.714521
flat,6.331133,5.421733
flat,4.648035,9.277595
flat,6.781751,4.5993304
flat,5.7184153,4.7653074
flat,7.489074,5.3716493
flat,8.60542,4.8836164
flat,6.405708,4.5977197
flat,7.8176036,6.057902
flat,5.052925,7.0138445
flat,4.8026934,7.9381075
flat,8.953626,5.753926
flat,7.7229447,6.389365
flat,4.1053805,7.25925
flat,5.341724,8.652161
flat,5.5656815,8.0494795
flat,7.229285,7.7716684
flat,6.1215878,6.5205874
flat,4.005033,8.625256
flat,5.8874264,5.475141
flat,6.087411,5.717066
flat,5.6595488,9.264061
flat,4.6642036,8.511362
flat,8.227163,7.431685
flat,4.8357263,4.655734
flat,3.2793298,6.8859296
flat,5.025346,5.6714406
flat,3.5771964,9.2002325
flat,4.024667,8.700134
flat,4.569733,6.410932
flat,5.1171255,7.447266
flat,5.7907453,7.736315
flat,6.9209876,8.159246
flat,2.0005815,6.777061
flat,3.3113744,7.0300784
flat,4.169861,3.433102
flat,2.1389859,7.1450744
flat,2.2109258,5.3641257
flat,4.1500344,8.461902
flat,5.5889897,5.1177697
flat,3.8170211,8.794093
flat,8.147604,8.583812
flat,9.061573,8.070863
flat,6.031404,4.1357627
flat,6.435727,9.486787
flat,3.5904167,9.432309
flat,8.630158,7.6061487
flat,3.9047248,5.869346
flat,5.391072,3.8904357
up,5.4317107,9.546483
flat,1.9961181,7.193876
flat,6.613026,6.127577
flat,9.198483,7.699396
flat,8.639058,6.310822
flat,9.102911,4.690863
up,6.2368336,6.842185
flat,7.794996,3.2477405
flat,7.1602654,9.025173
flat,5.299353,5.731382
flat,3.7118487,9.048289
flat,5.2152777,3.8030775
flat,3.880203,6.1757383
flat,5.4201603,9.410597
flat,6.015149,7.0758476
flat,8.453116,8.174945
flat,3.5074956,6.7607
flat,4.5089564,7.9078135
flat,8.543479,7.709644
flat,5.037462,4.906879
flat,5.288345,8.77049
flat,8.645322,4.7996244
flat,7.8228493,5.347289
flat,3.7263966,3.7964864
flat,2.6895752,8.3039665
flat,4.0269485,7.518747
flat,3.2470193,4.0256248
flat,7.150246,4.9735327
flat,4.0902677,3.4629455
flat,4.452797,8.160157
flat,6.114392,5.4261
flat,7.83448,6.2363276
flat,6.1132445,5.8074017
flat,4.887899,6.2920265
flat,8.363033,3.9574099
flat,8.367868,5.936434
flat,4.5305634,4.7874928
flat,4.9033713,5.5232973
flat,5.144182,6.2617893
flat,5.6873507,4.772208
flat,5.9344845,6.824249
flat,8.01646,5.266929
flat,6.434869,4.676622
flat,6.144872,7.4354277
flat,6.499748,6.2939696
flat,4.0535827,5.7118144
flat,5.892173,6.917281
flat,7.287928,5.271952
flat,6.238459,5.207961
flat,6.4354415,6.8249254
flat,5.734388,4.852406
flat,7.353929,7.110111
flat,6.598022,2.9376764
flat,6.5153847,5.5098
flat,6.662477,7.057978
flat,5.417203,2.7530541
flat,6.0742617,2.8468099
flat,5.0828233,5.8976774
flat,7.0032115,5.302969
flat,6.234532,6.4846997
flat,6.44626,5.8274455
flat,5.952564,6.719904
flat,9.702989,4.345842
flat,8.190865,3.539663
flat,6.2253447,5.666555
flat,4.7603173,8.12392
flat,7.11722,6.9885707
flat,3.9512055,4.205649
flat,4.1877584,6.1141043
flat,6.2573676,5.920227
flat,7.0322213,4.2122707
flat,9.235907,6.1961436
flat,9.630188,5.4771266
flat,8.482662,5.9243684
flat,8.6557045,4.589726
flat,7.3370733,3.462533
flat,6.3371835,6.8440757
flat,5.4688153,8.854256
flat,6.381293,7.2838454
flat,6.2064986,5.6691637
flat,5.0180645,4.8350263
flat,4.276265,5.9989557
flat,10.398304,6.8230224
flat,6.3061004,6.496736
flat,8.2164755,4.7204223
flat,7.570142,5.252141
flat,8.082583,6.1738367
flat,6.110649,5.7703104
flat,9.607748,7.2039757
flat,5.6817865,5.4807644
flat,7.399005,8.26848
flat,8.09683,8.033892
up,9.933229,7.1810184
flat,2.5329206,7.6553626
flat,4.9077053,6.992151
flat,5.5541134,4.739488
flat,4.941363,7.8548775
flat,4.945765,7.327597
flat,6.5142446,6.320243
flat,5.81806,4.7335167
flat,8.585379,7.667781
flat,5.9650216,4.845728
flat,6.028314,5.809676
flat,9.431902,4.6432714
flat,9.2601595,7.8877864
up,7.2870154,4.5000715
up,9.007676,7.814911
flat,10.389203,4.599391
flat,5.8441334,9.060253
up,8.854449,8.558132
up,5.4908857,9.208676
flat,5.9309855,7.100555
up,10.666839,6.973497
flat,3.927079,3.8804853
flat,5.6815886,9.420482
flat,4.078923,7.3955674
up,8.144998,8.448366
flat,3.814002,8.4243355
flat,6.4426885,8.516156
flat,5.8402634,9.410899
up,10.868117,6.79745
flat,8.912596,8.096168
flat,4.896505,9.302808
flat,4.4312644,7.3791595
flat,7.9721327,7.835536
up,10.211414,7.895222
flat,7.707083,8.408757
flat,10.979544,7.016366
flat,8.500166,7.905008
flat,6.5139394,6.0418353
flat,5.4542923,8.724735
flat,8.234019,6.61129
flat,5.759381,8.052305
flat,10.418632,6.6796494
flat,8.371567,4.7114863
flat,8.148915,8.396905
flat,7.9764986,6.203878
flat,7.748537,8.195337
flat,8.799032,6.0327196
flat,6.5404706,7.907798
flat,8.206622,8.1509695
flat,3.797528,6.6711674
flat,7.9878654,8.305047
flat,6.095488,6.4015446
up,7.2193384,8.564853
flat,4.6135726,4.8021054
flat,4.826002,7.101231
flat,5.5955596,8.970181
flat,4.195731,5.848149
flat,6.919753,7.3087335
flat,5.4437704,9.016969
complex,9.103065,0.7106129
flat,9.141586,0.859796
flat,9.174109,8.258098
flat,9.713148,6.1415663
flat,10.017845,6.9681034
flat,10.249586,3.251874
flat,11.084022,6.967881
flat,8.4124565,4.4655423
flat,9.058732,6.5171795
flat,10.439236,6.7904167
flat,10.938301,2.6771708
flat,9.391262,4.4979534
flat,10.230303,7.7833405
flat,10.138016,5.0059385
flat,8.561708,5.0178704
flat,11.050063,6.868906
flat,8.69152,7.9347363
flat,11.164886,6.667653
flat,11.12794,7.1723485
flat,9.460926,7.264724
flat,10.4342165,6.54147
flat,9.142232,3.9976594
flat,8.641698,7.4292855
flat,3.9746475,9.012218
flat,4.9683614,5.9147058
flat,7.4208283,3.4574578
flat,8.562033,4.6462398
flat,6.3262925,4.184973
flat,4.8998337,5.508645
flat,6.8955994,7.4939528
flat,5.9411125,7.97133
flat,4.126139,3.3749423
flat,3.8289373,9.1262245
flat,6.8254585,4.399489
flat,9.475335,6.1446
flat,10.697253,6.864736
flat,6.8136597,3.2476726
flat,8.670039,4.6555653
flat,8.891334,4.7001677
flat,9.703097,7.024405
flat,7.823333,3.5228548
flat,9.805333,7.179453
flat,8.91192,6.899154
flat,6.947107,4.5725617
flat,9.825623,7.7237725
flat,6.248819,5.748081
flat,8.745689,7.3839025
flat,10.491131,5.951402
flat,8.856094,6.9786463
flat,10.290766,5.573339
flat,8.716435,5.2409015
flat,8.08438,8.298813
flat,7.1595964,4.598478
flat,4.898429,7.738133
flat,4.377368,7.5549583
flat,4.123486,4.719886
flat,5.765086,2.8931735
flat,5.731461,9.312291
flat,3.6381683,6.710707
flat,9.672356,6.1960316
flat,8.458209,4.820083
flat,7.857448,6.24639
flat,5.258859,8.670354
flat,9.014006,3.9610717
flat,7.627994,3.5834525
flat,5.8642125,4.334765
flat,8.426625,8.318102
flat,5.369247,9.266741
flat,4.0905147,9.18774
flat,7.6969953,8.180298
flat,7.763128,8.678423
flat,9.621038,4.4518676
flat,5.1586065,8.915129
flat,4.0279813,3.3969061
flat,5.2615857,4.2460465
flat,8.091236,4.287851
flat,8.785106,4.0054426
flat,9.086639,5.490018
flat,9.582698,7.2252135
flat,5.321223,2.7880118
flat,5.9453187,7.3750696
flat,3.7009819,9.041607
flat,7.675275,6.7144203
flat,8.027973,4.580578
flat,6.472618,6.6642594
flat,10.719124,5.5523357
flat,9.981419,8.085383
flat,7.9104657,8.320436
flat,7.2410545,3.7643402
flat,4.4346013,8.150378
flat,8.65996,7.855006
flat,3.8753924,9.009933
flat,6.8197265,5.3612967
flat,6.129607,6.133718
flat,7.7057424,5.0966005
flat,9.409474,5.7406745
flat,6.433921,5.502828
flat,7.626029,5.9088902
flat,8.590159,8.108472
flat,7.407637,6.162065
flat,5.1013336,8.365728
flat,8.668584,7.655402
flat,6.458517,4.7075825
flat,6.6194115,7.2370524
flat,6.8121037,4.8015747
flat,4.908151,4.8093357
flat,6.4004474,7.1244135
flat,9.535703,4.4580417
flat,7.926424,8.35875
flat,8.798174,7.8006983
flat,5.72383,4.790989
flat,4.8169065,9.185265
flat,5.582889,6.4194264
flat,8.806438,4.750214
flat,10.241763,6.8849525
flat,6.764796,3.20695
flat,6.4882293,6.9648876
flat,6.4557295,5.4024615
flat,8.9283285,6.75183
flat,6.471693,6.957433
flat,8.9430895,8.128675
flat,8.043601,8.507715
flat,11.301834,4.668154
flat,7.0256834,7.1546
flat,6.4069858,6.5995574
flat,9.256164,4.643517
flat,6.7060094,6.131196
flat,7.2526336,7.1707363
flat,7.850477,8.098444
flat,6.030778,5.514815
flat,6.8874087,5.304716
flat,11.311977,5.6421866
flat,9.270598,4.5873055
up,10.539315,6.3988857
flat,9.01963,5.5429354
flat,3.5346017,9.332593
flat,3.6754782,5.9905763
flat,6.5297246,3.1853166
flat,8.66544,8.522685
flat,6.6131926,4.1994653
flat,2.7122269,9.177291
flat,5.939302,7.3870354
flat,9.126866,3.9559698
flat,9.414383,5.831595
flat,7.782947,5.32404
flat,8.876897,5.872741
flat,8.60279,5.9896774
flat,9.415025,6.2698417
flat,9.927937,5.3665195
flat,8.823986,8.256039
flat,8.981818,4.468228
flat,7.2060843,7.1500854
up,7.8087335,5.343785
flat,9.273973,6.226401
flat,5.3349533,4.5663853
flat,5.5225177,2.6945739
flat,10.131513,7.4102707
flat,9.542813,4.6881347
flat,4.408003,9.228702
flat,10.443324,5.972298
flat,7.6609864,8.712125
flat,8.508637,8.879021
flat,5.274796,9.463061
flat,5.792786,7.507013
flat,8.1804905,7.265175
up,5.946628,9.378798
flat,9.699032,8.107046
flat,7.0644765,3.5963194
flat,7.0648828,4.7574325
flat,7.904648,6.4022055
flat,11.2845335,5.511405
flat,9.228551,6.1067796
flat,7.5303383,5.233212
flat,8.775551,6.9630775
flat,7.615516,5.5419016
flat,9.176413,5.8914013
flat,7.817347,3.5515778
flat,5.827634,5.3653665
flat,6.6279664,5.6184416
flat,6.508147,5.5038085
flat,7.8152966,5.408677
flat,7.9608684,5.404006
flat,8.41623,6.165031
flat,6.0752306,3.1781466
flat,9.022954,7.484964
flat,7.157369,7.0060453
flat,8.726178,4.4902344
flat,7.7339935,3.4888036
flat,8.608863,4.679229
flat,9.113307,5.8934813
flat,10.072151,5.2486825
flat,9.486737,3.4187903
flat,7.569956,5.2845273
flat,7.770859,3.3868098
flat,6.816489,3.2406104
up,10.9855995,6.7707505
flat,7.9470887,6.301145
flat,8.9004545,7.2335362
flat,7.466562,7.1756105
flat,10.479312,6.6694565
flat,8.635546,4.83148
flat,4.5071163,9.03118
flat,8.110568,4.138258
flat,8.569554,5.232878
flat,8.670325,7.910257
flat,8.098233,4.132239
flat,5.931864,9.4138155
flat,7.353507,7.2321796
flat,8.894908,3.7820857
flat,9.647959,5.2170506
flat,9.693268,6.6491933
flat,10.0434265,5.190538
flat,9.030527,5.4028425
flat,6.1718297,3.2265265
flat,8.838063,6.659342
flat,8.483248,6.0190873
flat,5.588839,4.7504516
flat,8.941103,7.3501973
flat,7.7261105,5.434155
flat,2.1841075,6.9370284
flat,1.4781637,5.675583
flat,2.7357001,4.743994
flat,1.6582521,5.7626977
flat,3.3006713,4.6759486
flat,2.109577,5.6707587
flat,0.8057335,5.750601
flat,0.5583724,5.6727324
flat,2.05513,5.7195663
flat,1.2534351,4.5379977
flat,3.1816368,5.6712995
flat,5.971374,8.548058
flat,3.685162,6.035729
flat,10.984896,4.1063595
flat,4.389547,7.5586286
flat,6.077544,5.5039234
flat,2.563761,8.081244
flat,1.4559183,3.3195326
flat,3.2829134,6.9028263
flat,0.7991545,6.383719
flat,3.266629,5.6068153
flat,3.4222338,6.4375668
flat,4.0372825,6.9682612
flat,1.823902,7.34616
flat,2.6385849,8.485136
flat,2.813933,8.485642
flat,2.1765022,7.0909896
flat,1.6261036,6.527352
flat,2.632481,8.069281
flat,3.011258,5.1645675
flat,1.9365096,3.6736677
flat,5.1460404,8.2318125
flat,2.1824071,7.2182155
flat,3.3615344,9.183417
flat,3.4525886,6.5253277
flat,2.4130695,4.9026194
flat,3.6910899,5.7998314
flat,2.583547,8.072475
flat,2.018938,7.7086873
flat,3.9734023,8.9152
flat,3.4573932,5.3319745
flat,3.2063074,4.242607
flat,2.2617984,7.889111
flat,1.9963279,7.7255425
flat,1.7385625,7.0982666
flat,2.437765,4.9034104
flat,3.1015086,4.967435
flat,2.3207386,6.8859453
flat,1.9415077,7.63831
flat,1.4662739,3.819882
flat,1.1387575,7.9633393
flat,1.0886164,5.623672
flat,1.7213922,3.458321
flat,2.0867057,7.9923625
flat,2.9691048,4.837785
flat,3.0472014,7.0313745
flat,4.0465407,3.3871257
flat,5.395326,5.0192885
flat,3.0786116,4.9964924
flat,5.169769,3.807529
flat,4.0522175,3.6605232
flat,5.2742677,5.7333736
flat,2.250055,5.5666456
flat,1.7530164,7.6943445
flat,5.0205593,8.121575
flat,4.5197954,5.401266
flat,5.1876216,8.382713
flat,1.8573638,5.57806
flat,5.5514646,2.7227178
flat,3.0540214,7.067721
flat,1.6163766,7.6664696
flat,3.5589006,5.0157022
flat,5.1191387,6.097009
flat,5.9578476,6.1860843
up,3.272734,9.334916
flat,6.480786,8.421782
flat,5.180506,8.862864
flat,1.5533116,5.769576
flat,4.292944,7.4804263
flat,5.1231256,5.568567
flat,2.4021478,3.9872859
flat,1.8815387,4.535476
flat,5.297508,8.309959
flat,1.7113365,7.095005
flat,0.96512145,5.5601807
flat,4.0134897,4.3194346
flat,4.0990677,6.287915
flat,1.5600156,7.2921414
flat,3.4096797,7.251738
flat,1.1422384,5.522912
flat,0.7116181,5.8932047
flat,2.072006,4.4628496
flat,1.5367026,4.3173594
flat,2.0933056,5.373024
flat,7.7583857,6.615343
up,10.675909,6.3170795
flat,11.178394,3.1952062
flat,8.26599,3.45829
flat,8.124608,4.555376
flat,11.389674,2.3239744
flat,10.656642,1.5836841
flat,10.004056,1.8365583
flat,7.3927197,3.4097898
flat,10.664381,1.3809146
flat,10.996379,2.6660333
flat,10.588353,3.9489071
flat,11.089809,3.0832553
flat,11.246389,2.995192
up,11.005567,6.414555
flat,11.4796095,3.233569
up,11.778065,3.991747
flat,10.038512,3.1522582
flat,10.764014,6.4018903
flat,10.635211,7.4070406
flat,9.783737,4.374799
flat,11.641377,3.7737477
flat,11.856945,4.467841
flat,11.691386,5.0974665
up,10.719592,6.6958055
flat,4.713514,4.5230255
flat,5.7843595,7.9201026
flat,9.815887,4.6750484
flat,7.646089,3.7176132
flat,11.0794,4.5007825
flat,6.294798,6.212455
flat,7.336418,5.4083953
flat,7.620063,5.1655016
flat,5.8965163,9.424232
flat,4.66809,5.448787
flat,7.974071,7.1545377
up,10.82167,6.5129986
up,10.904808,7.146013
flat,11.709116,5.1797953
up,10.441346,6.667872
up,10.557194,7.6072254
flat,11.4674835,5.9099717
flat,5.4150467,9.1998625
flat,11.8503475,5.343285
flat,11.146816,2.29492
flat,10.560602,6.648202
up,10.676275,6.4341583
up,11.248999,5.9180245
flat,10.389684,2.023785
flat,11.327588,2.720206
down,9.172279,0.50871265
up,9.236594,1.6306474
flat,9.701516,8.09697
up,8.89589,7.319168
flat,9.705037,5.840193
flat,8.073398,4.178242
flat,9.182179,3.9936545
flat,7.9606814,8.572001
flat,9.566303,6.2344556
flat,9.377474,8.060244
flat,8.610351,6.041759
flat,7.3924923,4.6671157
flat,6.932148,6.9788976
flat,10.187641,6.028481
flat,7.963102,3.5989232
flat,8.937733,7.1522913
flat,9.902203,7.6224513
flat,8.915961,7.0340767
flat,8.421233,8.551845
flat,7.948555,8.521195
up,10.937945,7.062695
flat,7.8671126,6.5904946
flat,8.984455,7.380817
flat,6.0425944,2.8287482
flat,6.059258,9.325114
flat,1.632814,6.661605
flat,5.6132913,6.4640956
flat,7.175031,8.483648
flat,4.580134,6.7484155
flat,8.871132,6.9251213
up,9.091427,7.525863
flat,7.692374,2.892933
flat,8.166912,3.5219998
flat,5.9705205,3.1752365
flat,4.586928,5.766972
flat,2.9513042,7.2899723
flat,8.194221,6.9170055
flat,3.077313,6.907715
flat,2.4536922,8.463607
flat,2.8139048,6.7769403
flat,4.597331,4.6636796
flat,3.1296473,4.8765903
flat,3.5330021,5.513878
flat,4.044437,4.5868855
flat,4.2079477,7.4316497
flat,5.7522078,7.794612
flat,5.523504,8.989587
flat,2.2066972,4.76039
flat,3.4318643,3.7327437
flat,1.7313976,7.776582
flat,2.4635034,6.5841427
flat,2.2250905,8.030564
flat,3.0952504,6.855399
flat,3.4758575,6.149268
flat,2.7766736,6.527993
flat,7.500678,5.092593
flat,7.563079,3.3854036
flat,2.241285,7.471869
flat,6.66984,9.092167
flat,4.764825,8.140412
flat,5.238622,3.6935205
flat,1.9557369,5.207842
flat,3.3020427,5.682236
flat,3.0103176,8.468162
up,8.618774,7.8610644
up,10.97261,6.6968074
flat,7.837242,4.712155
up,9.450215,6.3756676
up,10.408614,7.8471193
flat,8.327014,6.7777023
flat,6.4889803,4.372581
flat,8.694385,7.6858945
flat,11.539727,5.186667
up,10.09326,6.449261
flat,9.4330015,6.259342
up,8.963019,7.541786
flat,11.623864,2.251825
flat,10.557926,1.254979
flat,10.298692,1.3488996
flat,11.779506,4.2940326
flat,10.652356,3.2789612
flat,9.34592,6.365665
flat,10.707391,6.2431746
flat,9.187696,7.278291
flat,11.307025,5.6700916
up,10.917651,6.666503
flat,9.477028,3.9783127
flat,8.596834,9.319177
flat,10.005922,4.3229475
flat,10.845789,3.2735305
flat,11.316616,2.2978547
complex,10.87909,1.3483288
flat,10.624069,1.2162344
flat,11.491713,2.4325523
flat,9.521284,2.116828
flat,10.8601465,2.2968936
flat,11.669636,3.8957002
flat,10.3077135,2.5392404
flat,11.286529,4.8700094
flat,11.649255,6.369706
flat,11.299457,6.389545
flat,11.024026,4.5064507
flat,8.281626,8.377099
up,10.806182,6.426812
up,10.266272,7.918414
flat,11.73287,3.9609396
flat,11.13253,4.5302005
up,8.06565,4.411722
flat,7.554521,6.6133013
up,8.161534,8.23648
flat,7.8626657,3.5169196
flat,11.747393,3.9432712
flat,11.210017,4.5954666
flat,9.324453,7.372325
flat,7.583765,8.56691
flat,7.5547833,3.4607232
flat,10.40788,6.9106045
flat,10.318266,5.1986213
flat,7.2205405,3.6035976
flat,10.387546,6.0428185
flat,11.22156,2.3657482
flat,11.413859,2.065536
flat,10.335002,2.5387194
flat,10.403126,3.131199
flat,11.266856,2.5098567
flat,6.3444567,5.308026
flat,11.32007,1.960659
flat,11.103371,2.6966305
flat,11.2408905,3.9956114
flat,7.9349575,3.8592129
flat,11.038624,5.9191446
flat,11.118676,1.6875163
flat,9.390234,4.4098663
flat,6.3008785,5.72479
up,10.735074,7.181033
up,9.3039875,7.501716
up,11.053222,6.0940623
up,11.390864,5.6039524
up,10.663646,7.31838
flat,9.250169,5.7988534
flat,11.006156,4.32013
flat,10.188607,3.2234654
flat,7.836545,4.5056286
up,10.278273,4.836664
up,10.008537,5.700246
flat,10.972552,4.4585347
flat,10.936713,4.4796185
flat,11.232567,3.0546274
flat,7.772867,3.884686
flat,9.159043,4.1404514
flat,9.972999,4.3464417
flat,8.746245,5.9555874
flat,7.563454,3.4482207
flat,9.408768,6.708324
flat,10.066031,5.010804
up,10.229272,4.554034
flat,9.366338,3.6602333
flat,7.1009955,5.219918
flat,11.029163,4.4012084
flat,10.421241,4.6595907
flat,10.4482155,3.9545271
flat,10.477899,2.559976
flat,10.004288,3.1102767
flat,9.461649,4.094125
flat,11.016903,3.62799
flat,9.560365,4.4903693
flat,11.486347,2.4895928
flat,10.694472,4.5633354
flat,11.333665,2.5519056
flat,10.822401,1.827621
flat,10.1930065,1.6084257
flat,9.436231,0.2703697
flat,11.744081,3.5793097
flat,11.856362,4.4460163
flat,11.329895,4.7610197
up,11.861604,4.211491
flat,11.039786,2.7349322
flat,10.454927,4.6522784
flat,10.857322,3.4132879
up,11.164378,4.4278
flat,7.369535,4.9032125
up,10.998696,4.898729
flat,10.093515,4.7408924
flat,11.162531,4.604383
flat,9.915754,3.6135402
flat,10.641034,1.523791
flat,9.910244,0.42894605
flat,10.175445,0.83418965
flat,9.406845,0.18523113
flat,11.52664,5.9892116
flat,10.526989,5.4910216
flat,11.332581,5.542359
flat,5.377492,7.958012
flat,6.3407745,4.1793246
flat,3.8955026,3.4916832
flat,6.0850306,2.7717383
flat,7.311816,2.7086217
flat,7.294942,2.8501253
flat,5.886751,4.514293
flat,7.0007763,4.5308743
flat,9.556184,3.9077976
flat,8.714557,3.9992576
up,10.319851,6.155647
up,9.489178,7.6713266
flat,6.545828,7.7017283
flat,8.136273,6.2321744
flat,2.1486554,3.7241905
flat,1.8986117,4.6774435
flat,10.92854,3.3962772
flat,6.425363,4.240119
flat,9.801213,5.4556403
flat,7.3708315,7.152358
flat,8.598932,3.969733
flat,5.673644,3.0306673
up,11.440521,2.5295012
up,10.238371,7.5236063
flat,6.7325244,4.3301826
flat,5.6749115,3.7019563
flat,5.881633,6.224509
flat,7.3838344,5.8046613
flat,4.812032,7.8069024
flat,4.5614805,4.750504
up,7.4405417,7.3665967
flat,5.9514046,3.2287865
flat,8.494041,5.022235
flat,10.362624,5.775923
flat,8.695178,5.787711
flat,5.8785925,5.492902
flat,7.1785517,4.526181
up,9.81059,7.673722
flat,3.163346,5.4614286
flat,1.5835785,3.8214273
flat,3.996061,3.4713054
flat,0.8527571,5.641141
flat,3.6661797,3.9103913
flat,2.0529256,5.210725
flat,4.566446,5.6954103
flat,5.254246,8.018148
flat,1.4698985,4.653345
flat,1.3975677,4.5603423
flat,3.8182137,3.8731174
up,7.8801923,7.873594
up,6.4303756,8.159266
flat,4.8128004,5.5479198
flat,4.5896964,5.608792
flat,6.5058804,3.554372
flat,3.9747944,7.0141807
flat,2.4504285,6.453507
flat,3.7807658,7.0174417
flat,5.0475955,3.7274892
flat,3.5066967,4.089063
flat,5.3153453,7.8132854
flat,4.7122784,7.6345835
flat,7.5379434,4.4447207
up,3.670696,9.135701
up,7.56404,7.993643
flat,9.672831,8.026806
flat,6.480597,4.147585
up,9.705771,7.0080113
flat,11.488085,2.1993144
flat,10.217464,2.55578
flat,10.335243,0.9138339
flat,10.07048,4.3185887
flat,11.0786495,3.047161
flat,11.421996,2.1286726
flat,11.067482,3.0601718
flat,10.875559,1.7013378
flat,10.789426,1.6025531
flat,9.027111,0.4978612
flat,11.143563,2.108096
flat,10.319248,1.0460299
flat,9.285047,0.47983268
flat,11.490897,4.62966
flat,11.626137,4.6878486
flat,11.344484,2.6498194
flat,11.561021,2.4765227
up,11.4045925,4.754921
flat,11.243853,4.9499493
flat,2.0884368,5.6684556
flat,10.335982,4.7218695
flat,10.236676,1.4012324
flat,8.346225,0.34702915
flat,11.685255,4.980525
flat,11.149763,5.160488
flat,9.435537,3.4630637
flat,11.305449,2.383373
flat,11.343254,2.2801008
complex,11.228321,1.8531837
flat,11.788606,3.9347858
flat,11.541794,3.2154036
flat,11.235663,4.576007
flat,8.215674,7.1151347
up,10.334426,7.688231
flat,10.685984,6.867514
flat,6.4505405,4.4664674
flat,10.666932,6.5636086
up,11.146692,6.8111143
flat,10.755732,6.0989656
flat,11.817615,4.121715
flat,11.442976,3.1000557
flat,8.870201,7.447295
flat,10.502476,4.245683
up,9.657204,7.665858
up,8.829002,7.687993
flat,6.8701677,5.2930512
flat,6.3912716,4.3919287
flat,2.2739775,4.525034
flat,4.688579,3.5238807
flat,8.331925,4.668664
flat,10.002768,3.731608
flat,11.786584,4.1195726
up,9.4163475,7.3104634
flat,2.7945633,7.458325
flat,3.9431362,7.0679183
up,10.377426,5.833688
flat,10.962404,4.625502
flat,6.553834,3.2883947
flat,3.454734,4.0176506
flat,7.285207,8.032975
flat,7.3301535,5.398557
flat,3.4626782,8.181702
flat,9.509954,3.4641626
flat,10.012219,5.79429
flat,10.801385,3.2439656
flat,7.5561743,2.8612874
up,9.009984,6.112217
flat,7.699015,4.6630473
flat,8.173791,3.7250042
flat,8.011495,3.5208135
flat,9.386141,6.2999806
flat,5.8773336,4.2803745
flat,5.6197753,8.207625
flat,6.733286,4.594421
flat,11.073865,4.5949564
flat,9.589038,3.3321137
flat,10.277748,3.493325
flat,11.256753,2.4117486
flat,11.698971,3.2455628
flat,7.5184646,2.838262
flat,8.297595,0.32559368
flat,5.785574,2.436215
flat,10.406855,1.2157208
flat,8.209655,0.45029965
flat,11.412269,2.3667796
flat,7.998188,0.566014
flat,7.9237437,0.75334114
flat,8.044999,1.3856989
flat,8.23679,1.3541288
flat,8.036358,1.1775274
flat,2.0640929,8.430661
flat,7.930064,0.6184414
flat,8.2299385,0.3474455
up,10.464554,1.0860113
flat,9.695972,2.01142
up,9.505324,2.6240795
flat,5.470435,7.8983426
flat,10.613102,6.1387205
flat,9.144664,7.412644
flat,9.548755,4.370657
flat,10.144481,7.833931
flat,10.427427,4.6303916
flat,3.6807773,6.6264625
flat,9.036135,5.845618
up,7.383033,7.6982045
up,7.8627243,7.281338
flat,6.154358,3.170734
flat,1.5161198,3.3584752
flat,1.4368451,3.3811424
flat,9.055218,5.500986
up,9.525958,6.5290112
up,9.19903,4.4113016
up,9.327535,7.550521
flat,6.159033,3.8794947
flat,4.518263,4.4805083
flat,3.3544729,8.547773
flat,6.698579,4.564919
flat,8.706797,4.868077
flat,8.063165,7.4475193
up,9.121386,6.711509
flat,3.443207,3.9568982
flat,3.4682226,6.58898
up,9.4173355,7.485056
up,4.737627,8.570401
flat,2.5346696,4.486153
flat,1.6554683,7.414216
flat,4.857441,3.8396516
flat,5.3845453,2.7416778
flat,4.977996,4.856534
up,7.4707127,7.8851438
flat,4.381893,7.381073
flat,4.2234716,5.832275
flat,7.3062053,7.317394
flat,4.237041,8.53522
up,10.766437,6.9495044
up,10.957956,6.27988
flat,10.598133,4.851688
flat,11.786717,4.0956526
flat,11.208185,2.1993022
flat,6.128508,4.290707
flat,9.910926,5.631768
flat,9.6927,0.18110415
flat,7.554416,3.4450977
flat,10.242114,3.3824308
flat,10.840521,3.2434964
flat,8.658281,0.07566576
up,10.426198,4.573706
flat,8.90776,-0.03894133
flat,8.688407,0.06597622
flat,9.343071,0.09396745
flat,10.415828,2.343926
flat,11.375463,2.2811065
flat,10.127174,3.008081
flat,11.063735,2.2467628
flat,7.85363,4.621539
up,11.766172,4.1325893
trill,10.659185,3.0843298
flat,8.811965,0.053344168
flat,10.438324,4.291846
up,11.478499,2.5169485
up,9.936355,4.9471316
flat,7.300627,4.3861427
up,10.378688,4.6960945
flat,10.966452,3.1549582
flat,10.425236,3.5473733
up,11.508738,2.427437
up,10.419395,5.3484445
flat,9.159886,0.06094919
up,11.226628,3.6766083
flat,10.784736,2.9899423
flat,6.825605,4.0045543
flat,9.632296,3.6673217
flat,8.716171,0.04341103
flat,9.051397,0.027792677
flat,8.725426,0.046433832
flat,10.7078905,2.9445565
flat,8.7920885,0.09833559
flat,10.319475,0.9164601
flat,9.717544,0.26092434
flat,10.57684,1.712759
flat,10.392104,0.80902874
flat,8.980958,-0.014228775
flat,9.532273,0.26042017
flat,9.528379,1.6393452
flat,6.8846884,8.375813
flat,7.123721,7.7896304
flat,7.402262,7.6868486
up,10.256679,7.57829
flat,6.93483,4.5402784
flat,5.772447,5.265211
flat,5.105905,5.6495976
up,7.8999677,8.249001
up,7.540768,4.9384522
flat,8.05826,8.252444
flat,5.9468436,5.160559
flat,2.8794665,8.646561
flat,8.706632,4.344388
up,5.366457,8.281548
flat,4.6368637,8.185667
flat,3.5701685,4.055828
flat,4.374521,7.2685504
flat,8.272162,8.029405
flat,8.416989,8.042385
flat,7.102748,7.95631
flat,3.8965836,7.47177
flat,3.3719296,7.521758
flat,5.6368074,8.216988
flat,4.1234083,4.4859514
flat,2.7708347,4.995732
up,10.279723,7.4429007
flat,4.3012185,7.4089336
flat,3.1855206,2.9581556
flat,2.1866658,6.4578643
flat,1.7453023,3.6287162
flat,6.217996,8.104902
flat,2.4205222,8.440275
flat,9.194541,7.57726
up,10.627216,6.593801
up,9.543053,6.569457
flat,10.13065,4.8867707
up,11.170518,6.0313168
up,9.408694,6.3023167
flat,2.9019535,6.6929145
up,6.8587494,8.327729
up,7.850464,8.178346
up,6.1087794,8.210195
flat,3.2650359,8.262547
flat,4.403981,7.3872614
flat,1.9752698,8.232553
flat,7.8621407,6.298352
flat,8.133486,6.0822906
up,5.9681,8.675847
flat,4.8276186,5.9724402
flat,7.5486984,7.67091
up,8.561243,7.8812356
flat,4.546619,3.6283588
flat,7.390165,7.5853643
flat,6.497772,3.8251216
flat,7.396115,6.416754
up,7.0537615,8.293896
flat,10.6052685,6.176383
flat,6.402955,8.237078
flat,7.625075,6.563249
flat,5.766879,5.736778
flat,5.169391,8.220979
up,6.3226175,8.037484
flat,8.797923,6.9094496
flat,6.9881063,3.5535326
flat,4.338047,7.97557
up,10.014414,5.043654
flat,10.743543,3.4737992
